-- MySQL dump 10.13  Distrib 8.0.31, for Linux (x86_64)
--
-- Host: localhost    Database: locadora_pti_bd
-- ------------------------------------------------------
-- Server version	8.0.31-0ubuntu0.22.04.1

/*!40101 SET @OLD_CHARACTER_SET_CLIENT=@@CHARACTER_SET_CLIENT */;
/*!40101 SET @OLD_CHARACTER_SET_RESULTS=@@CHARACTER_SET_RESULTS */;
/*!40101 SET @OLD_COLLATION_CONNECTION=@@COLLATION_CONNECTION */;
/*!50503 SET NAMES utf8mb4 */;
/*!40103 SET @OLD_TIME_ZONE=@@TIME_ZONE */;
/*!40103 SET TIME_ZONE='+00:00' */;
/*!40014 SET @OLD_UNIQUE_CHECKS=@@UNIQUE_CHECKS, UNIQUE_CHECKS=0 */;
/*!40014 SET @OLD_FOREIGN_KEY_CHECKS=@@FOREIGN_KEY_CHECKS, FOREIGN_KEY_CHECKS=0 */;
/*!40101 SET @OLD_SQL_MODE=@@SQL_MODE, SQL_MODE='NO_AUTO_VALUE_ON_ZERO' */;
/*!40111 SET @OLD_SQL_NOTES=@@SQL_NOTES, SQL_NOTES=0 */;

--
-- Current Database: `locadora_pti_bd`
--

--
-- Table structure for table `cartao`
--

DROP TABLE IF EXISTS `cartao`;
/*!40101 SET @saved_cs_client     = @@character_set_client */;
/*!50503 SET character_set_client = utf8mb4 */;
CREATE TABLE `cartao` (
  `numero` varchar(16) NOT NULL,
  `validade` date NOT NULL,
  `id_cliente` int NOT NULL,
  PRIMARY KEY (`numero`,`validade`),
  KEY `fk_cliente_cartao` (`id_cliente`),
  CONSTRAINT `fk_cliente_cartao` FOREIGN KEY (`id_cliente`) REFERENCES `cliente` (`id`)
) ENGINE=InnoDB DEFAULT CHARSET=utf8mb4 COLLATE=utf8mb4_0900_ai_ci;
/*!40101 SET character_set_client = @saved_cs_client */;

--
-- Dumping data for table `cartao`
--

LOCK TABLES `cartao` WRITE;
/*!40000 ALTER TABLE `cartao` DISABLE KEYS */;
INSERT INTO `cartao` VALUES ('2347244956323237','2029-05-03',2),('6694738408259674','2029-03-07',2),('0203772612857604','2028-04-12',3),('2594634171114077','2032-03-01',3),('3367715782536529','2032-07-01',5),('1761288748624672','2030-08-30',6),('2147645347070160','2028-10-06',6),('5586868781846888','2029-04-22',7),('7824620442217126','2032-12-26',7),('1737721201448324','2034-02-03',10),('6643804255328161','2030-07-09',11),('6886338642633946','2032-10-29',11),('7765863485316155','2031-04-23',11),('4242040143548794','2029-08-26',13),('3035723827136231','2034-01-26',14),('8434213825434187','2030-05-22',14),('4587457076895733','2028-08-16',16),('3681236144126385','2033-07-02',17),('9096448187512720','2033-12-29',17),('0333307123524876','2030-05-12',18),('5638164518001342','2034-09-23',18),('7364855212377848','2031-03-31',19),('7286624753785860','2029-05-04',23),('7455884771344466','2028-01-24',23),('5403256658549715','2032-01-03',24),('6113268167507545','2029-12-22',25),('7682526624263953','2032-07-11',25),('3720846869987498','2029-05-22',26),('6196646636020715','2033-01-12',26),('2438366413320365','2033-10-24',27),('8627832736437271','2032-05-23',27),('1109275763349261','2034-08-10',29),('2525341778286485','2032-07-13',29),('2240745402444105','2033-06-11',31),('2683606320857224','2034-01-17',32),('8614273587316857','2032-12-10',32),('1312878729944584','2028-06-08',34),('2733572255594524','2031-11-13',34),('4443522784655176','2029-04-27',35),('8511322451579379','2032-10-22',35),('3533961139832156','2031-08-03',36),('4067944745776827','2028-11-02',38),('4346358845842616','2029-12-20',38),('3652902478313154','2028-02-09',39),('2612424018458586','2028-06-05',41),('9425143554876174','2030-06-20',41),('6881757884630471','2030-07-03',42),('7782537504892323','2030-01-13',43),('3696699541266117','2028-10-13',44),('2952124099577527','2032-11-20',45),('3191125288320558','2028-02-29',45),('7772642684416126','2034-01-17',46),('8742211807242036','2031-09-28',46),('7181414817041213','2030-11-22',49),('4336058833228682','2032-12-23',51),('4824838526218228','2029-10-12',51),('2641924338427152','2031-07-05',53),('6722541432641379','2029-07-13',54),('2064297263980924','2031-09-15',56),('5501798095036438','2031-07-17',56),('0651220817112183','2028-11-18',57),('2532742918642676','2029-02-19',57),('8057860074392732','2030-08-23',57),('3823124316222754','2033-04-19',58),('5520521742132263','2030-12-30',58),('5870214482418724','2033-09-18',59),('2821212988432157','2030-10-30',62),('3697917865042754','2032-01-12',63),('0814326634168470','2030-12-28',64),('4707054886111755','2032-11-01',64),('1873230339261860','2033-07-22',66),('2718841134147652','2028-05-17',66),('8042905101777843','2028-03-14',67),('9424055835138277','2031-05-13',67),('5948847310999145','2030-04-28',68),('8659068163877531','2033-07-09',68),('4666123921274673','2030-08-09',72),('5350446181226581','2032-06-03',73),('6135977820357845','2028-08-01',73),('8675148774984758','2029-12-14',73),('3110062390687435','2032-08-12',74),('3837904237538684','2034-08-05',74),('9267575127679615','2030-03-01',74),('6186892476876138','2031-02-12',75),('2309545486852043','2028-04-06',76),('6845370836256635','2034-11-06',79),('1618722253868279','2028-03-25',81),('2371475243117544','2028-06-03',81),('2556272827288186','2033-09-21',82),('5013015484622326','2033-01-02',84),('8388412015742558','2028-01-30',84),('6248783647843972','2031-09-19',85),('0852465750337857','2029-06-24',86),('1968554580480637','2030-06-19',88),('5851052227955358','2031-09-03',88),('3842415786126684','2029-10-16',89),('5574461535713554','2028-01-19',89),('5558455651972452','2029-08-20',90),('3114070148836278','2034-06-11',91),('4426128842372458','2033-05-23',91),('7288172345544518','2033-03-04',91),('1346475122886444','2030-08-20',92),('3460596308442971','2029-08-08',92),('7676568348703526','2028-12-13',95),('1072665864934513','2033-06-22',96),('7328361834773856','2030-01-31',96),('8231207307426865','2029-05-25',96),('2434271879843787','2031-07-04',98),('8448206710087952','2030-02-02',98),('9225378679684356','2034-04-19',98),('4592847265128874','2030-10-06',99),('5576211180608820','2033-03-21',100),('6542663247645014','2029-11-21',101),('1378416183554120','2032-12-26',103),('8043443827874566','2028-01-30',105),('8123435248479598','2033-08-31',106),('1811879252247712','2031-07-05',109),('4691038367547510','2033-04-21',109),('3157210716668721','2028-01-25',110),('1685043872303569','2030-09-21',111),('1295763875268727','2031-03-12',115),('4418502390972723','2033-02-19',115),('6284908858398747','2031-03-10',115),('7593885563732371','2033-07-29',115),('5705866780045675','2030-02-23',116),('4713832632417138','2032-05-26',117),('6982828615402253','2031-10-29',119),('2119861792747152','2031-03-06',120),('0143725731100906','2031-01-12',121),('6408411482627183','2030-08-05',121),('5391726667338597','2031-10-14',122),('4321611351223653','2029-03-15',123),('4169821572533418','2029-05-17',125),('9264975564237212','2033-10-24',125),('8801950426757706','2034-01-23',127),('3219894731483234','2028-06-13',134),('1145319291412645','2031-11-06',135),('1284235891688186','2028-12-28',135),('0881238277102085','2033-01-01',137),('8837115125714775','2032-02-12',137),('4411179576473531','2032-12-12',139),('5230677153858503','2033-10-23',139),('6207222226932626','2033-05-28',139),('6049015685454687','2032-01-18',141),('6445687323325886','2029-10-26',141),('8824746236726741','2029-07-12',141),('8157115351161823','2033-03-06',142),('2469732838585248','2030-03-05',143),('5285535021789612','2029-05-13',145),('2187564765686065','2030-02-22',146),('4356851135365171','2033-05-14',147),('7638786158282413','2031-05-29',147),('6793582305014745','2027-12-05',148),('8268943323623551','2029-12-18',148),('3470292536115603','2033-07-23',149),('4285436388274763','2032-07-06',149),('1165755461509585','2030-02-26',150),('1224221395066169','2032-03-03',154),('5038154555664352','2034-06-06',154),('8573994235733538','2029-07-18',154),('6208257471369851','2029-01-29',155),('2874313746904660','2032-03-28',156),('6306637135312892','2029-03-17',156),('8731437314537737','2028-04-11',156),('2316545867387313','2031-11-04',157),('3525728672635770','2030-11-08',157),('7218858623224504','2030-08-14',157),('4205197812089786','2029-12-14',159),('4861100321220850','2031-03-27',159),('3775250267256827','2030-11-16',160),('4539374332240769','2031-06-20',161),('4454729823934512','2028-02-12',165),('9740467262424470','2034-05-04',167),('1175164112475662','2033-05-01',168),('6889625840406236','2031-02-20',168),('5283462848138323','2029-07-01',169),('7684076362581232','2028-10-14',169),('3741344325678284','2032-03-28',170),('1496499663127365','2030-09-29',171),('4323541506736855','2030-01-03',172),('8005861330548649','2029-10-11',173),('8645175825558948','2031-04-23',173),('8058458373511361','2028-05-28',174),('1742938046837168','2030-09-27',176),('3446163269863981','2033-08-11',176),('8446058641755536','2030-02-09',176),('2566628937974587','2028-09-29',177),('8083359327248425','2030-12-02',177),('3805338439459334','2033-08-27',178),('2018642862504896','2033-07-15',179),('4374501841353675','2031-01-25',179),('1374786878280183','2032-02-06',180),('1128678415052555','2030-04-06',181),('4165182674361618','2034-10-23',181),('7335870242719676','2033-12-30',181),('7327832952460055','2032-08-12',182),('4590023035827956','2030-06-04',183),('6864853846423287','2029-10-29',183),('7833758898339462','2028-06-10',184),('3226616578875749','2034-04-04',187),('0839954149313003','2028-10-29',189),('5066326295485561','2031-06-19',190),('8235752321554612','2034-06-21',191),('6345844598435312','2032-01-05',194),('8395152062628434','2033-06-06',194),('6471553969249806','2028-09-07',195),('3866577616318457','2032-04-22',198),('7522298799630874','2029-02-27',200),('1676143062638544','2029-04-20',201),('1116896457148224','2034-03-01',203),('2680251176188762','2030-01-13',203),('2972117882572486','2033-12-21',204),('4712264518535714','2028-05-23',205),('0905835288776053','2029-07-27',207),('2928213385805659','2030-05-08',207),('4646121622054780','2033-03-06',207),('6884528114168621','2030-12-24',208),('2998903315752941','2033-12-26',209),('6013681623111743','2031-10-21',209),('6555388150757543','2030-05-08',210),('4987330431728285','2034-10-09',211),('8532138566868929','2033-10-31',211),('6571682810358289','2034-10-29',213),('7733356169731638','2028-02-21',214),('1212082201454318','2033-03-22',216),('8275646885971482','2032-10-09',216),('8845684759742047','2030-08-19',217),('2582389375920408','2034-03-28',218),('4765486628635661','2031-12-29',218),('7398758633552255','2028-09-23',218),('8512871152812235','2034-09-27',218),('8917486333452281','2031-06-14',220),('3171381261269544','2034-10-14',221),('1488241632011563','2031-07-22',222),('0248844676194598','2033-04-19',224),('3831260728442847','2029-11-21',224),('7907838342673828','2028-10-28',224),('8459345477813748','2031-05-02',224),('0898664494398378','2033-03-29',226),('3747532255242149','2028-06-12',226),('5312993101730146','2030-11-05',226),('3653677306407446','2028-03-29',230),('4526306288305093','2032-05-29',230),('4163782623163213','2033-08-31',232),('2622420937663533','2029-12-24',233),('7128641664512403','2034-04-02',233),('8111131544278338','2034-09-06',233),('4100056487757672','2028-10-01',235),('4856387912651674','2033-10-03',235),('8342352823255302','2031-09-08',235),('1468225657976183','2031-04-28',237),('2174278220412548','2033-12-27',237),('6506865252335711','2028-04-07',241),('6833267582163253','2032-03-07',241),('3402331740288886','2029-07-16',242),('8492081633266113','2031-08-13',244),('3159345870594436','2029-04-29',246),('9674843055630893','2033-10-24',246),('4543854680475173','2034-06-21',247),('8435744721141072','2033-01-13',247),('8035861514126781','2031-12-02',248),('0342872053755725','2031-01-17',251),('8529522412167364','2032-08-20',251),('3611217251318968','2029-09-06',252),('5791059383383745','2030-03-25',252),('3239415358921121','2032-09-13',254),('8064525966143805','2032-01-01',255),('5519532689822123','2033-03-22',256),('8619334777687716','2028-11-26',256),('5218302472465921','2029-04-29',257),('6892476870084239','2032-10-05',259),('4127073159640227','2033-03-23',260),('6214177624946488','2033-12-19',260),('5262633259862611','2030-08-10',263),('7856765616152559','2028-01-09',263),('8321175338714315','2033-04-04',263),('0234379274970635','2030-06-09',265),('3649326522349717','2032-12-23',265),('8639659482776262','2031-12-12',269),('3863316481256190','2030-02-22',270),('8218737428116122','2029-04-27',270),('0354742832733440','2032-06-26',271),('1873859565244523','2033-08-27',272),('8524252331555320','2031-04-26',273),('8227066442528641','2032-03-13',276),('7563134413633410','2029-06-07',277),('8853680744474110','2031-07-29',278),('2242742686468672','2033-09-04',279),('9559611422418066','2028-12-06',281),('1317952044557586','2028-07-07',282),('5111128321286512','2030-10-05',282),('7369728468423194','2034-07-15',283),('0214866873943474','2030-11-28',284),('4917829531807174','2033-02-07',285),('9884833886385603','2034-04-11',289),('5612712177843201','2028-04-26',290),('9312641142751780','2032-03-07',291),('4745446772273187','2028-08-29',292),('9046342733561696','2034-05-26',292),('7486744251463760','2031-03-13',293),('4257834091828979','2028-08-11',296),('2867418844164142','2034-05-02',297),('5348468845893892','2031-08-03',297),('0115678443082590','2033-06-08',298),('1461153449733393','2032-02-28',301),('4229422917003813','2034-06-25',303),('8265661480015722','2033-02-08',304),('3625593428744891','2033-01-11',305),('4387373272471452','2034-08-08',305),('8514454255406622','2029-07-21',306),('5336363871736933','2033-12-24',307),('7468256434316716','2028-02-20',307),('8708475264563822','2029-02-05',307),('8724240371845298','2029-07-20',307),('2678344649096353','2032-12-15',308),('2755843406343486','2028-11-20',308),('6735540618345582','2028-09-29',309),('1864352373522137','2034-06-30',313),('7521695804083321','2033-05-17',315),('3446364918384621','2034-05-20',316),('2627448413856476','2032-03-21',319),('6868674351416485','2031-08-02',320),('8827265613634309','2030-10-04',320),('1324157852765328','2028-03-18',321),('4282324616545394','2032-02-20',321),('4233741754777155','2032-08-30',323),('4597743328865091','2033-07-14',325),('2258617208428434','2030-03-21',326),('2952805884038341','2032-04-29',326),('2454417338668547','2028-07-19',327),('3714903146615337','2033-02-05',327),('5978036261954105','2032-01-11',327),('6652592505284164','2031-09-29',327),('2692410251274411','2030-10-30',328),('3834669261214629','2034-10-02',328),('5308238367144156','2030-12-12',328),('6421603776344487','2033-11-18',329),('6845019382460692','2032-11-19',329),('4378767037137552','2034-09-02',330),('1707410723248816','2028-11-21',332),('5107684716457412','2030-12-17',332),('4017358305329921','2032-05-05',334),('7751136521617811','2029-02-17',335),('1147734940722648','2032-04-04',336),('2084465553552287','2032-06-19',338),('3288358364851855','2029-12-23',338),('2654394586752109','2028-06-05',341),('2865238232465353','2031-05-20',344),('6956525685347719','2029-02-01',344),('9680966780296844','2031-04-08',344),('6156111444294468','2029-02-15',345),('7857727138099251','2028-01-19',347),('4258962232483048','2028-06-23',348),('4345317353994158','2033-08-15',348),('9083109997992042','2033-12-24',348),('0748366661427881','2033-07-18',350),('3638772532113872','2033-09-20',351),('3528694196224914','2032-11-21',352),('9541064833286765','2034-08-27',352),('2302354263877676','2030-04-17',353),('6717482308840715','2034-07-15',353),('5748735197358147','2032-04-17',354),('2688101660061257','2029-06-02',355),('1736165152869428','2028-05-27',356),('7349065111135359','2032-03-28',358),('4891057073159843','2032-12-18',359),('6450166438367716','2032-08-03',360),('4542462366536638','2031-11-04',365),('7756238173193245','2034-01-27',366),('2344887386227524','2031-11-12',367),('2133415314379775','2028-08-25',368),('2916200232406883','2031-03-31',368),('5405983165135387','2031-03-09',368),('7948604489434054','2033-07-09',369),('9891788867516011','2030-08-31',373),('5761055285531266','2031-12-07',374),('2535446818628911','2033-08-31',375),('1003793718370116','2031-07-26',376),('3803403128337310','2029-02-21',377),('4781570437556666','2028-04-11',377),('4963635811551703','2029-02-24',377),('1767727145730102','2031-02-24',380),('8221808436324748','2034-03-15',380),('0531587340137826','2034-10-25',383),('1493610352026584','2028-07-01',383),('2665921471763153','2029-06-04',385),('6407473137947452','2028-05-04',385),('9423987124825527','2029-03-13',386),('6541643291776877','2029-01-27',387),('9180742885776627','2033-09-22',388),('5635936422904361','2032-02-20',389),('3958794828341355','2032-06-15',395),('3985742584110387','2031-02-23',395),('5746262466126408','2031-08-01',396),('3828422852664449','2031-05-13',398),('4781741217213319','2033-05-24',398),('6112278117341202','2029-05-27',399),('8424492674772811','2033-01-09',399),('9781719915340146','2032-12-13',400),('9027585425863413','2034-02-23',401),('2797815371824700','2030-05-16',402),('5144641442582286','2028-08-10',403),('6443206822368375','2031-03-11',404),('8327821541858661','2028-04-13',404),('4253694325256766','2031-07-04',406),('8638248422343183','2029-11-06',406),('4498423825514877','2032-06-19',407),('5930471420484507','2031-08-16',407),('2352632116528154','2032-08-05',409),('6117672748504483','2028-05-03',410),('7091738782270965','2034-10-22',410),('5760741573622749','2033-04-27',413),('6318758966856503','2028-05-11',413),('9774423373855865','2029-08-24',414),('3251954227034452','2027-12-18',415),('7597533428916125','2028-07-13',415),('8877575182275943','2028-09-18',415),('8422432500334722','2032-09-14',417),('3378312596033886','2029-03-14',418),('3437673399483358','2030-04-16',418),('5928686411677861','2034-01-11',419),('2879343211466915','2032-08-23',422),('4065005623552744','2030-12-08',423),('4447425877033132','2034-03-19',423),('1278315575513297','2031-10-18',426),('7714822744065964','2031-03-22',426),('1424233457378277','2032-07-22',427),('4024393697501946','2029-11-26',427),('2282643105732941','2032-03-24',428),('2140490836753518','2034-08-08',430),('3113794510417251','2028-09-27',430),('5879826376853321','2030-01-14',430),('6368268771318453','2029-04-30',431),('1853487614183886','2029-10-09',432),('4378878665024126','2030-04-06',434),('1731718876343212','2031-01-25',435),('7145116951331224','2032-01-25',435),('8534488385378246','2031-04-01',435),('8652268908538378','2034-02-10',435),('6539294133778166','2032-05-26',436),('5090466223253714','2034-01-17',437),('9849801855357404','2030-04-01',437),('6193639654276523','2028-05-20',439),('2511331678596312','2034-02-18',441),('6382817272254273','2034-05-03',441),('3087677554956922','2033-01-18',443),('5634769465562474','2028-04-05',443),('1452840933781513','2032-09-30',444),('1775453873748404','2031-12-25',444),('8817163718352647','2034-03-08',444),('8737518769868749','2031-03-25',447),('3665254895152074','2029-11-18',450),('5661217576667413','2028-04-24',450),('1405422381732478','2034-10-23',451),('3078846173823619','2034-03-22',451),('1622102132983275','2032-11-18',452),('6151732811216114','2033-07-21',452),('7755838217838947','2032-06-28',452),('2748341644438723','2033-12-20',454),('2082284954928381','2033-01-29',455),('4373324605221971','2027-12-26',456),('1286462441720041','2034-02-08',458),('5447453322525265','2028-08-23',458),('7342677431470536','2031-01-14',458),('8954445014478253','2033-05-13',458),('3712363367405443','2029-12-19',459),('8778088617664762','2030-01-03',460),('4876673150636164','2031-04-01',461),('6740894602463325','2032-03-18',462),('3168828845535318','2033-07-12',463),('1550216927872215','2033-07-28',465),('5147446736166570','2032-09-10',465),('5003716139381426','2030-03-09',466),('9870418521773327','2030-10-24',466),('6604546105035862','2031-11-09',467),('2877012806764155','2029-01-22',473),('3951448281245690','2029-12-24',473),('5828950653968321','2030-09-01',473),('2118175847058667','2032-05-18',474),('5545208793943314','2033-08-28',474),('2405263557338692','2034-03-22',475),('3752376184487167','2028-06-06',475),('5861597140181841','2030-06-17',476),('0028510267298573','2028-04-11',478),('6445242613725220','2033-05-06',480),('6274682886113652','2029-08-12',481),('2968020486483592','2034-06-05',482),('6757324234895916','2033-06-21',484),('8846252660269157','2030-02-13',484),('1418927381821433','2033-07-22',487),('4254174840187734','2029-09-22',487),('2979973467384131','2033-12-26',490),('8509532981764838','2028-11-18',490),('4268444494238662','2034-10-28',492),('6651962387620539','2031-02-08',494),('1803285331545984','2029-09-06',496),('2039151805753698','2034-08-27',499),('3558118849534994','2030-12-11',499),('3468840712418641','2033-04-19',500),('6075720483306592','2033-10-26',500);
/*!40000 ALTER TABLE `cartao` ENABLE KEYS */;
UNLOCK TABLES;

--
-- Table structure for table `cliente`
--

DROP TABLE IF EXISTS `cliente`;
/*!40101 SET @saved_cs_client     = @@character_set_client */;
/*!50503 SET character_set_client = utf8mb4 */;
CREATE TABLE `cliente` (
  `id` int NOT NULL AUTO_INCREMENT,
  `cpf` char(11) NOT NULL,
  `cnh` char(11) NOT NULL,
  `celular` varchar(14) NOT NULL,
  `email` varchar(60) NOT NULL,
  PRIMARY KEY (`id`)
) ENGINE=InnoDB AUTO_INCREMENT=501 DEFAULT CHARSET=utf8mb4 COLLATE=utf8mb4_0900_ai_ci;
/*!40101 SET character_set_client = @saved_cs_client */;

--
-- Dumping data for table `cliente`
--

LOCK TABLES `cliente` WRITE;
/*!40000 ALTER TABLE `cliente` DISABLE KEYS */;
INSERT INTO `cliente` VALUES (1,'45356054360','00189420788','+5585921364061','semper@hotmail.ca'),(2,'40245284585','00635255235','+5566979822411','arcu.sed@google.edu'),(3,'46139207583','00411350684','+5572977508332','auctor.vitae@protonmail.couk'),(4,'65771588846','00893886084','+5524950547485','urna.suscipit@yahoo.net'),(5,'25312342918','00227262884','+5512978266355','non.lorem@protonmail.com'),(6,'65148332503','00257944174','+5557959177455','eget.metus.eu@protonmail.edu'),(7,'84675882409','00636233472','+5502905972526','diam.eu.dolor@icloud.couk'),(8,'62513964887','00199790365','+5598997749841','porttitor.vulputate@google.org'),(9,'67723666344','00670991255','+5537917312965','phasellus.in.felis@protonmail.net'),(10,'67726473787','00078367394','+5541994662138','dictum.ultricies@yahoo.couk'),(11,'11867533486','00289016786','+5564979921710','orci.luctus@protonmail.org'),(12,'55357812240','00841697337','+5523925485824','a.sollicitudin.orci@hotmail.org'),(13,'71591704736','00390337993','+5539924028416','a.ultricies@google.couk'),(14,'13824852668','00122947525','+5572987148066','vulputate.mauris.sagittis@aol.couk'),(15,'11441442676','00386558167','+5565973984062','non.sollicitudin@aol.ca'),(16,'32403834844','00368431397','+5509965523673','praesent.interdum.ligula@aol.org'),(17,'47874125220','00260187858','+5530914715238','lorem.eget@google.net'),(18,'48658131175','00002310988','+5514921247888','pellentesque.a@google.org'),(19,'63290528946','00817492406','+5561978524499','tristique.senectus@protonmail.couk'),(20,'57186181735','00601222818','+5561998283926','malesuada.integer@google.com'),(21,'37482878576','00518171970','+5555923941553','urna.ut.tincidunt@aol.net'),(22,'57423152419','00302923388','+5576913608446','magna@hotmail.net'),(23,'74491165432','00291816237','+5538938753055','turpis@icloud.com'),(24,'06198311234','00697228463','+5558983484855','non.feugiat@google.com'),(25,'21396148565','00846385918','+5533973482697','mus@outlook.edu'),(26,'11355571673','00349144128','+5532958232714','fermentum.convallis@protonmail.com'),(27,'35194113431','00147623401','+5527914132251','quam.elementum@yahoo.couk'),(28,'80336072507','00184662612','+5559990494511','adipiscing.elit@outlook.edu'),(29,'35577388185','00961880452','+5572907668455','eu.elit@aol.org'),(30,'12866262277','00396384578','+5589983379688','lacus.nulla@aol.com'),(31,'27252152014','00298854219','+5550953181376','malesuada.augue@outlook.edu'),(32,'92960571757','00568035229','+5523961828064','arcu.vel@hotmail.net'),(33,'31842187023','00776781221','+5511964621246','adipiscing.elit.curabitur@yahoo.com'),(34,'78367927611','00060517751','+5538936523771','laoreet@aol.ca'),(35,'03492153372','00168775267','+5568962086731','sem.mollis.dui@google.ca'),(36,'38418558576','00460514882','+5504938929466','suspendisse.tristique@icloud.edu'),(37,'51953781773','00525869092','+5521947735513','in.molestie@icloud.net'),(38,'26883208181','00726462728','+5573955704741','auctor@aol.org'),(39,'43721974742','00639129638','+5533969184189','curabitur.egestas@icloud.couk'),(40,'56778954984','00751444968','+5524911821670','sit.amet.ultricies@google.org'),(41,'48407575115','00174525215','+5524964200793','fringilla@aol.ca'),(42,'87186387162','00682302843','+5524942654846','donec.tincidunt@aol.org'),(43,'24636466432','00231535137','+5561943828110','cras.convallis@yahoo.couk'),(44,'23389622143','00963688288','+5541946463717','eros.nam@hotmail.com'),(45,'46850362128','00414712338','+5581944221345','at.pretium.aliquet@icloud.edu'),(46,'50881721316','00401371195','+5523994154214','aliquam.arcu@yahoo.couk'),(47,'44305415936','00867442963','+5527934663617','eu.elit@protonmail.edu'),(48,'04330266412','00197225738','+5573931392851','vestibulum@yahoo.org'),(49,'57783504183','00365030823','+5556920627424','tellus.lorem@google.couk'),(50,'98513798532','00973721610','+5513947153456','diam.vel.arcu@aol.ca'),(51,'85972235948','00639852458','+5548914614537','eget.dictum@yahoo.org'),(52,'58497782879','00688333222','+5528937477301','aenean.euismod@aol.net'),(53,'09574541732','00851310756','+5539977876913','non@outlook.couk'),(54,'45488301725','00241666127','+5597985704823','at.arcu@aol.net'),(55,'58671807358','00384753667','+5510912682133','amet@yahoo.edu'),(56,'53560578564','00237344640','+5526901311757','aliquet.proin.velit@outlook.net'),(57,'47614597223','00041487738','+5523948548650','mauris.morbi@protonmail.couk'),(58,'69364822410','00377905611','+5531905529862','sit.amet@hotmail.org'),(59,'43077042460','00344248871','+5521985278770','aliquet.sem@yahoo.net'),(60,'39348256575','00624981601','+5528924270248','at@google.edu'),(61,'67123668982','00192768131','+5557916621695','nulla.magna.malesuada@yahoo.couk'),(62,'62960664764','00363162456','+5542973637363','erat.neque@icloud.ca'),(63,'15837665827','00325294626','+5518915514738','vulputate.lacus.cras@google.net'),(64,'09036423867','00081386353','+5557913188464','fermentum.fermentum@protonmail.ca'),(65,'68116497337','00699024142','+5559984686746','sit.amet.ornare@hotmail.ca'),(66,'62146069322','00074631761','+5557937502688','libero@icloud.edu'),(67,'18768532251','00243036162','+5504948620912','sed.id@icloud.edu'),(68,'85245453085','00785365112','+5514969804761','dapibus.quam@hotmail.com'),(69,'54464305242','00878617116','+5565992133687','etiam@yahoo.com'),(70,'29656623549','00137138931','+5511934888250','vitae.aliquam@outlook.com'),(71,'40123491785','00240767620','+5524903193544','a.tortor@google.net'),(72,'74048618635','00600316864','+5597957875931','nam@icloud.edu'),(73,'35707557868','00162350132','+5526939534587','eu@yahoo.couk'),(74,'97614443337','00767684768','+5527920845176','dui.quis@google.ca'),(75,'96772338516','00162567435','+5530947522193','sit.amet.ornare@yahoo.net'),(76,'49388326864','00619304238','+5558910450535','arcu@google.ca'),(77,'28734454550','00642278550','+5519958726206','libero@yahoo.edu'),(78,'66147816738','00831599224','+5517970706525','sed@icloud.com'),(79,'02334332102','00260168445','+5500956623052','non.justo.proin@protonmail.com'),(80,'15454136856','00357764912','+5536924687344','proin@icloud.ca'),(81,'71351465071','00222393415','+5514984367909','felis.purus@yahoo.edu'),(82,'35285072488','00481724639','+5538991010746','nec.tellus.nunc@yahoo.ca'),(83,'11973372226','00882132650','+5515974457323','libero.proin.mi@hotmail.couk'),(84,'68566127945','00152531898','+5573932181115','ut.tincidunt.orci@protonmail.couk'),(85,'85756846991','00998713400','+5552956224268','nam.ac@hotmail.edu'),(86,'46239333153','00197138742','+5538902770733','lobortis.ultrices@aol.org'),(87,'36855767482','00384603131','+5594960998212','arcu.et@hotmail.ca'),(88,'37771783668','00448760426','+5573979317401','dui@google.edu'),(89,'63470426201','00353343436','+5506928666725','dolor@aol.couk'),(90,'76280093763','00899357444','+5579913286744','dictum.eu.placerat@aol.org'),(91,'41244059482','00161435348','+5515934151165','cursus@aol.com'),(92,'28836108821','00131811180','+5547986624476','in.scelerisque@protonmail.net'),(93,'71495345331','00619543452','+5523938371953','purus.maecenas@aol.org'),(94,'31865711656','00685422364','+5571916037951','quisque@yahoo.com'),(95,'95742315323','00424370587','+5533916707716','nec.urna@icloud.couk'),(96,'84119718631','00487822826','+5535978065723','velit.pellentesque.ultricies@icloud.org'),(97,'16566240235','00890056221','+5526969673423','libero.mauris@google.couk'),(98,'56871373315','00442146362','+5558956183475','nibh.sit.amet@hotmail.ca'),(99,'33887828781','00844374755','+5589935663812','id.magna@google.org'),(100,'78976458542','00833569725','+5570921960812','nunc.mauris@google.edu'),(101,'84187146235','00244687705','+5546908062585','lacus.vestibulum.lorem@outlook.edu'),(102,'84314971831','00377680744','+5536961541471','vitae@google.org'),(103,'28236857778','00802920143','+5527977867751','sit.amet@aol.couk'),(104,'35691842531','00915204540','+5507998729105','at.augue.id@hotmail.org'),(105,'05605141982','00340711643','+5583976182484','lacinia.at@hotmail.com'),(106,'60640262174','00317855654','+5528955603467','donec.vitae@hotmail.com'),(107,'68334356208','00741832156','+5543930653577','gravida.mauris.ut@hotmail.net'),(108,'43781637465','00431471638','+5552989565653','at@yahoo.edu'),(109,'91537578935','00727976713','+5537988406278','aliquet.nec@hotmail.ca'),(110,'96897078563','00211835413','+5567964612558','magna.et@protonmail.org'),(111,'67207656642','00816857091','+5534922163560','risus@outlook.com'),(112,'14296104240','00497287616','+5575941167744','sociis@google.couk'),(113,'64342877052','00151334116','+5553940049628','aenean.massa.integer@icloud.couk'),(114,'71836540843','00564467505','+5524946866440','est.mollis@aol.net'),(115,'50554571887','00970223251','+5511981654656','eu.nibh@outlook.couk'),(116,'90981556410','00274514839','+5528997594316','sed.tortor@outlook.ca'),(117,'23830870282','00355473922','+5578946431918','nibh.dolor@aol.org'),(118,'49047718891','00892104895','+5526954517862','lectus.convallis@aol.com'),(119,'72484287671','00826128054','+5573982255372','donec.luctus@outlook.com'),(120,'82862549249','00178674672','+5524977838440','sociis.natoque@icloud.org'),(121,'31547868046','00843278304','+5562931658952','mollis.nec@outlook.org'),(122,'25281867717','00154704343','+5512916456838','at.augue@protonmail.couk'),(123,'22150626076','00223764199','+5568938603360','orci@hotmail.org'),(124,'51071610750','00449551424','+5538911747946','ut.lacus@yahoo.edu'),(125,'85542820577','00025954587','+5516939467059','mi.fringilla@yahoo.couk'),(126,'25440826199','00966834461','+5549960878898','enim.nunc@yahoo.edu'),(127,'70718348578','00629250482','+5552971538643','ut@hotmail.ca'),(128,'45153664816','00294414222','+5552990721561','posuere.cubilia@hotmail.org'),(129,'77318534245','00878894388','+5531953807816','mauris.id.sapien@aol.org'),(130,'55454451739','00867564826','+5567956539871','nec@icloud.com'),(131,'21617559846','00371288648','+5570937587361','ante.blandit@google.edu'),(132,'55833774656','00153188224','+5590929989433','arcu@protonmail.ca'),(133,'41349407045','00164112902','+5545914429270','condimentum.donec@aol.couk'),(134,'13052459756','00164155426','+5551943752202','neque@aol.net'),(135,'95687942571','00531420223','+5521978283811','nisl.quisque@aol.edu'),(136,'21086608090','00711466695','+5581973628258','nascetur.ridiculus@protonmail.ca'),(137,'82816717426','00453756537','+5514928292738','vulputate@protonmail.edu'),(138,'27676272042','00181295339','+5588911652479','aliquam@outlook.net'),(139,'58221516268','00412435984','+5591967811658','semper.dui@outlook.couk'),(140,'15536443345','00898891287','+5539964857250','mauris.suspendisse@outlook.couk'),(141,'78594384053','00056642274','+5538963678908','nec@hotmail.edu'),(142,'25032987768','00616547338','+5531934267173','ac@yahoo.couk'),(143,'37282761756','00235472362','+5591916940656','libero.mauris.aliquam@hotmail.com'),(144,'16716214488','00643549063','+5530944762638','per@aol.edu'),(145,'77392430692','00436705594','+5561988414778','gravida.nunc@aol.org'),(146,'99151573566','00985471284','+5573963168497','vel@yahoo.com'),(147,'83391697432','00057541197','+5586919450342','nec.luctus.felis@outlook.edu'),(148,'70395115626','00556475217','+5549921767211','ac@hotmail.ca'),(149,'58151574306','00749509272','+5598946757025','pede.cum.sociis@outlook.net'),(150,'50892014621','00653473267','+5550984199638','commodo.at@aol.net'),(151,'13835123845','00304841979','+5573921184449','a@yahoo.ca'),(152,'72294579472','00786729156','+5522973977664','nulla.ante@icloud.ca'),(153,'74644214211','00208274874','+5531937520703','lobortis.augue@outlook.ca'),(154,'88873641886','00072139288','+5508921109093','tempor.erat@protonmail.couk'),(155,'28181331116','00437561152','+5531971482311','ornare.lectus.justo@yahoo.org'),(156,'44848658948','00601234042','+5551915279652','natoque.penatibus.et@outlook.net'),(157,'55673945533','00635173364','+5550924105823','litora.torquent@yahoo.org'),(158,'89781715672','00331685889','+5503971283738','semper.pretium@icloud.ca'),(159,'02396122428','00759427877','+5517963119238','lorem@hotmail.net'),(160,'72122265552','00872061163','+5564927824224','ipsum@yahoo.com'),(161,'91226336872','00206167586','+5532955607563','nisi@outlook.couk'),(162,'51263877777','00715661318','+5505964711784','mauris.suspendisse@aol.edu'),(163,'80412997737','00888231494','+5575944732176','cras.sed.leo@icloud.couk'),(164,'65356885871','00261532988','+5595922105447','in.condimentum.donec@aol.org'),(165,'82393217482','00395973572','+5530956021475','sapien.cras@aol.couk'),(166,'48284017679','00413653757','+5584916851777','ut.mi.duis@icloud.couk'),(167,'67424280625','00830505366','+5556954413551','interdum.sed@protonmail.ca'),(168,'68515597713','00223611197','+5545962865967','libero@yahoo.net'),(169,'02413241264','00253345270','+5534943000807','et.ultrices@protonmail.net'),(170,'04361157437','00476314868','+5545944349504','facilisis.facilisis@yahoo.ca'),(171,'92666097310','00423182263','+5564985155843','fusce.fermentum@icloud.ca'),(172,'39666710760','00075045357','+5503915580406','porttitor.vulputate@hotmail.com'),(173,'14537788701','00523475453','+5567923982184','vitae.dolor@aol.ca'),(174,'41201545385','00545701654','+5568976859255','tempor@google.org'),(175,'42283117539','00178185931','+5579942837989','ac.orci@google.ca'),(176,'83364508036','00237971529','+5572992465846','tempus.eu@outlook.couk'),(177,'06447313372','00247666430','+5598966987274','magna@hotmail.edu'),(178,'29257584331','00350847167','+5535995883785','aliquam.arcu.aliquam@yahoo.ca'),(179,'27813551219','00364360973','+5574983473784','facilisis.eget@aol.edu'),(180,'19635684932','00187538666','+5548918251571','enim.sed@protonmail.edu'),(181,'46318176385','00431223283','+5587971693411','nullam@google.couk'),(182,'88463915684','00553847666','+5585911134929','massa.vestibulum@icloud.org'),(183,'61837808580','00723122133','+5562932477115','elementum.sem@icloud.ca'),(184,'36827411340','00687125211','+5565915464894','cum.sociis@icloud.couk'),(185,'10477987682','00812597371','+5564992865694','etiam.bibendum@icloud.net'),(186,'58353944288','00658617096','+5529969465101','magna.et@aol.com'),(187,'16396411287','00485018716','+5549928786856','tincidunt@yahoo.couk'),(188,'28309651331','00110231715','+5508945304456','dui.lectus@yahoo.couk'),(189,'32932707039','00182644888','+5565944453153','id.risus.quis@hotmail.com'),(190,'88963766613','00626255377','+5538977442995','feugiat.lorem@protonmail.net'),(191,'73250063691','00282684227','+5566943242175','non.egestas@icloud.couk'),(192,'94814433636','00776973668','+5538967523119','faucibus@aol.org'),(193,'22546183822','00829348435','+5597934875334','parturient.montes@aol.com'),(194,'18887903793','00164262573','+5556951382125','mauris.erat@google.edu'),(195,'37578436734','00318515611','+5511954845865','lacinia.sed.congue@outlook.org'),(196,'34385206146','00641425841','+5546947616724','arcu.nunc@aol.com'),(197,'80741283156','00986251830','+5541924058576','sem@aol.org'),(198,'65049374722','00235633588','+5525976314686','dolor.dolor.tempus@icloud.org'),(199,'54451840316','00233286385','+5549938445876','cursus.in@protonmail.net'),(200,'17514482228','00640766861','+5598968712324','vel.convallis@aol.couk'),(201,'61332182556','00276792643','+5583986217113','et@google.couk'),(202,'61320364710','00349783941','+5518903764474','venenatis.vel.faucibus@aol.couk'),(203,'25527429861','00253252824','+5517911783352','dignissim.maecenas@aol.ca'),(204,'34123779618','00160237672','+5515934658388','ultricies@outlook.ca'),(205,'94500367286','00653011728','+5514975437588','odio.phasellus@google.couk'),(206,'15561283452','00114322255','+5548927413617','id@yahoo.edu'),(207,'64784788226','00575868541','+5527954269272','aliquam.eros.turpis@google.net'),(208,'53841266027','00823288110','+5596925270445','velit@aol.net'),(209,'82137671276','00135209341','+5546984164126','nullam.enim@google.org'),(210,'89121912761','00948329129','+5514933221300','faucibus.morbi@hotmail.couk'),(211,'03141674070','00654835316','+5508928737828','enim.sit@aol.couk'),(212,'88685163758','00743216036','+5533938705132','tellus@outlook.com'),(213,'62486821574','00518461461','+5562927615981','donec.porttitor@protonmail.edu'),(214,'90748508787','00953475000','+5583992827724','phasellus.libero@protonmail.edu'),(215,'30617843170','00595260942','+5513937143526','a.enim.suspendisse@aol.couk'),(216,'51544702581','00847442111','+5559980536483','pulvinar.arcu.et@aol.net'),(217,'87845363581','00863802353','+5557929142237','venenatis@aol.couk'),(218,'22130212188','00643568233','+5522911525236','nunc.pulvinar.arcu@yahoo.com'),(219,'35141449718','00117574414','+5534931546372','vestibulum.ut@yahoo.com'),(220,'57128254782','00548795711','+5551912786249','euismod@google.net'),(221,'74847324523','00430367565','+5582954816539','lobortis.augue@aol.com'),(222,'17763805755','00283525669','+5540982951524','orci@protonmail.net'),(223,'37332560646','00853584704','+5523986915834','metus.sit@google.edu'),(224,'17781679312','00452851831','+5542993648964','dignissim.magna.a@aol.net'),(225,'48847889767','00062758434','+5590911742253','natoque.penatibus@icloud.ca'),(226,'43311565444','00843582672','+5505952455727','aptent.taciti@yahoo.edu'),(227,'13812648844','00457861360','+5576921205822','molestie.tellus@yahoo.com'),(228,'34735968468','00720424213','+5511917415356','pretium.neque.morbi@icloud.edu'),(229,'84380466908','00700523276','+5545932951545','phasellus@google.net'),(230,'31319672764','00885755555','+5558980567933','ullamcorper.nisl@yahoo.ca'),(231,'82454828127','00372684073','+5561936311041','nulla.donec.non@aol.ca'),(232,'87478826133','00757237540','+5562933493585','purus.nullam@icloud.ca'),(233,'32924735896','00245583178','+5539948129578','ut.erat@aol.ca'),(234,'27953906861','00597228712','+5599951548122','libero.proin@hotmail.ca'),(235,'31566450537','00777450881','+5574985473952','euismod.est.arcu@aol.couk'),(236,'88158227822','00667995258','+5554939375217','mauris.molestie@yahoo.com'),(237,'17615945181','00031426821','+5513982571373','nulla@yahoo.ca'),(238,'92591622127','00633531380','+5510973614681','lacus@hotmail.couk'),(239,'69888854771','00582123237','+5554990077758','fringilla@google.ca'),(240,'49845779903','00578183401','+5521942165356','ultricies.adipiscing@protonmail.edu'),(241,'34875111536','00536201357','+5551950261233','egestas.sed@icloud.org'),(242,'31662325193','00368371976','+5542914827908','est.arcu@yahoo.edu'),(243,'75971713450','00836533476','+5533986348475','donec.vitae@aol.edu'),(244,'16812255117','00448526364','+5536933411279','sagittis@outlook.couk'),(245,'85558213113','00194507654','+5564946135232','nunc.pulvinar@protonmail.ca'),(246,'47227565891','00126632097','+5535951336737','adipiscing.enim.mi@protonmail.couk'),(247,'40461583560','00111131318','+5555923595382','mi.duis@google.net'),(248,'49346888480','00554172965','+5521975381787','porta@icloud.ca'),(249,'72108661724','00727123772','+5574965376811','sit@icloud.net'),(250,'11189641126','00624152584','+5525952583467','aliquam.eu@outlook.couk'),(251,'12909262161','00468778965','+5574904370651','porttitor.scelerisque@aol.ca'),(252,'15881437513','00462601272','+5527971296119','non.enim@aol.ca'),(253,'60019473274','00834445818','+5578982529452','sed.dictum.proin@aol.couk'),(254,'06454681781','00277287909','+5502969395324','nec.orci@google.org'),(255,'12987751116','00573352067','+5520971342452','bibendum.ullamcorper@protonmail.couk'),(256,'81254543315','00728907878','+5523964584154','blandit.nam@protonmail.edu'),(257,'07138212067','00247726557','+5575947114466','at.velit@protonmail.couk'),(258,'64221487722','00107147764','+5542973628825','scelerisque.dui@icloud.com'),(259,'45297315454','00015179859','+5570914880949','ac.mattis@google.couk'),(260,'76630765787','00837778690','+5537934645825','egestas.a.scelerisque@yahoo.com'),(261,'61510452640','00474381301','+5580906116034','vitae.aliquam@yahoo.ca'),(262,'22682101596','00135328467','+5573996495867','placerat.velit@aol.net'),(263,'35880461512','00253479106','+5549929212515','sem.mollis@outlook.couk'),(264,'61219062893','00771621862','+5584964427424','pede.praesent@yahoo.net'),(265,'67189827535','00091715257','+5563931013922','odio.auctor@aol.ca'),(266,'33579667624','00636164219','+5559919628714','facilisis.vitae@icloud.net'),(267,'15611438264','00702129635','+5550935716221','eu.tellus@google.couk'),(268,'56667527761','00974584326','+5580974142636','quam.curabitur@yahoo.net'),(269,'10199423668','00335234369','+5515996726176','a.magna.lorem@yahoo.org'),(270,'92305976284','00469281601','+5593971218469','risus.in@aol.org'),(271,'44555887238','00682539831','+5554912117868','dapibus.quam@aol.edu'),(272,'54515316274','00813133641','+5547986864826','interdum.nunc@outlook.net'),(273,'41951184026','00904078876','+5506957762237','duis@yahoo.edu'),(274,'52835625172','00631273325','+5553958363516','eu@aol.ca'),(275,'48614694887','00123668481','+5573967501341','blandit.congue@icloud.org'),(276,'45353739786','00213385533','+5534998246354','donec.egestas@outlook.edu'),(277,'38534761600','00145138294','+5547911305461','eu.sem@hotmail.ca'),(278,'80119231618','00830361832','+5548993226427','arcu.vel@aol.couk'),(279,'11516155779','00581726164','+5598996660481','ac@icloud.net'),(280,'17316367735','00638884580','+5537951037163','dignissim.magna@aol.ca'),(281,'06778017315','00740441296','+5546968574656','morbi.neque@hotmail.com'),(282,'80744702251','00464367228','+5556998343821','ultrices.mauris@aol.org'),(283,'55413029468','00664080391','+5545927168127','molestie.orci@hotmail.couk'),(284,'28449756373','00346234642','+5581936383666','ipsum.non@google.ca'),(285,'86708085587','00276757353','+5545922518436','aenean.sed.pede@outlook.couk'),(286,'18255620124','00992446448','+5587968368848','mi.lacinia@outlook.org'),(287,'36104771121','00908343201','+5543948754399','aliquam.fringilla@google.ca'),(288,'57829840572','00885165101','+5574922871168','semper.cursus@aol.couk'),(289,'55630241383','00848470751','+5576953531696','ut@icloud.ca'),(290,'14854121353','00873370428','+5551945098985','sem.pellentesque@yahoo.ca'),(291,'26887617679','00153221794','+5564930345567','placerat@aol.net'),(292,'86582722643','00481243232','+5527923618342','tristique.ac.eleifend@outlook.ca'),(293,'75254774504','00732376348','+5563968210511','quam.elementum@hotmail.edu'),(294,'42532778241','00844671185','+5538904865839','venenatis.vel@google.couk'),(295,'21362850370','00202312681','+5537986188880','urna@yahoo.org'),(296,'41455099831','00556862631','+5517919454324','quam@yahoo.couk'),(297,'53753880355','00532690103','+5571992450213','tortor.nibh@hotmail.ca'),(298,'47465953623','00777860116','+5505967991188','elit.dictum@icloud.org'),(299,'24637356723','00322556115','+5503918315312','dictum.cursus.nunc@google.edu'),(300,'12474443152','00736637198','+5532973352069','morbi.sit@protonmail.com'),(301,'18203547621','00203110425','+5514984365522','cursus.luctus@icloud.org'),(302,'71567676858','00632625734','+5518962654929','sit.amet@icloud.net'),(303,'40331643412','00238476163','+5514981119829','a.aliquet.vel@icloud.net'),(304,'50861231346','00643277163','+5548999597503','massa.non@outlook.org'),(305,'45357418492','00111642824','+5552978763246','orci@protonmail.org'),(306,'77548922984','00457339525','+5574915519830','vestibulum.nec.euismod@aol.org'),(307,'82124352333','00438561839','+5522955728558','libero.proin@hotmail.ca'),(308,'60408538287','00946089157','+5573918522692','consectetuer.adipiscing@hotmail.ca'),(309,'79783761262','00970912247','+5597963437546','tempor.lorem@yahoo.com'),(310,'43651552114','00285883827','+5519996162633','gravida.molestie@protonmail.org'),(311,'45360184449','00071318502','+5573957844144','torquent.per@hotmail.couk'),(312,'36881426812','00477395202','+5542917746291','dictum.augue@google.org'),(313,'58075741682','00244812525','+5566915789885','sollicitudin.a@icloud.edu'),(314,'57136215504','00118784372','+5578922165843','lorem@protonmail.edu'),(315,'76378650152','00708683617','+5568975383727','magna@icloud.com'),(316,'46183264156','00572870684','+5542902836681','ultricies.adipiscing.enim@icloud.org'),(317,'35658369224','00941368096','+5518963780583','diam.dictum@hotmail.com'),(318,'77615763791','00861283474','+5525942424714','lorem.semper.auctor@yahoo.net'),(319,'37974212295','00412563652','+5517937511111','ut@hotmail.com'),(320,'22852510635','00120751757','+5591962451063','arcu.iaculis.enim@protonmail.net'),(321,'55612504258','00010757192','+5532928935248','non.hendrerit.id@yahoo.org'),(322,'71702129317','00592542666','+5573934357905','molestie.tortor.nibh@aol.ca'),(323,'66433569145','00371005845','+5521960126151','nascetur.ridiculus@icloud.couk'),(324,'14276401944','00195053818','+5573928625832','magna.nec@google.net'),(325,'75675301939','00121897461','+5573954039723','nisi.magna@icloud.com'),(326,'14250045227','00441262878','+5575941898875','ante@protonmail.edu'),(327,'76474467978','00077011361','+5508992737824','quam.vel.sapien@icloud.couk'),(328,'81985539317','00562571840','+5552937924231','faucibus@icloud.edu'),(329,'32008135864','00258032771','+5568916642584','tellus.id.nunc@google.org'),(330,'97949768139','00119845272','+5571922595236','a.felis@yahoo.org'),(331,'81452148844','00836832881','+5558957183252','lobortis@hotmail.org'),(332,'44315949144','00641574724','+5595958751242','nonummy.fusce@hotmail.ca'),(333,'79851636429','00612477263','+5537982365690','duis.gravida.praesent@hotmail.net'),(334,'85267134687','00209970486','+5527960811870','augue.malesuada.malesuada@outlook.net'),(335,'57949685774','00870492193','+5542957854958','mi.enim@aol.net'),(336,'23252767468','00173164767','+5544924248037','eget@google.couk'),(337,'67013218659','00355145679','+5571965593188','amet@hotmail.org'),(338,'74776972511','00212638411','+5513924605152','dictum.eleifend.nunc@hotmail.ca'),(339,'51444468018','00550773888','+5577918251633','sociis.natoque.penatibus@hotmail.edu'),(340,'02340780354','00625334784','+5544913669592','orci.adipiscing.non@icloud.edu'),(341,'14608466108','00443566071','+5594977206124','vel@icloud.ca'),(342,'69023441476','00615853268','+5514970668986','molestie.tellus@hotmail.com'),(343,'17043853455','00535650135','+5576981206255','sed.diam@outlook.net'),(344,'92642383479','00388531635','+5537969141483','hendrerit@google.edu'),(345,'38068413138','00563230750','+5540941850143','primis.in@hotmail.edu'),(346,'31368931720','00232124654','+5565976722374','molestie@outlook.ca'),(347,'96661978380','00065434721','+5563944685232','congue.elit@yahoo.couk'),(348,'93327352576','00438460753','+5532988716533','in.cursus@protonmail.edu'),(349,'86718253582','00541353040','+5547994035418','luctus@hotmail.org'),(350,'31466654771','00735083883','+5563946537024','hendrerit@outlook.org'),(351,'43286985244','00131854255','+5578936155715','imperdiet.dictum@icloud.com'),(352,'38181572594','00406455733','+5541952345141','pretium.neque@yahoo.ca'),(353,'47280343311','00856424419','+5546985869663','quisque.ornare@icloud.org'),(354,'10356668984','00676145347','+5575992345124','ultricies.adipiscing.enim@aol.org'),(355,'15275433580','00555524679','+5577967164595','nulla.tincidunt@hotmail.couk'),(356,'86496507877','00521537759','+5576912411974','sit.amet.orci@outlook.edu'),(357,'82726344530','00418467951','+5524927136405','sed.turpis@icloud.net'),(358,'58322559392','00516304726','+5598942613674','velit.sed@aol.couk'),(359,'64652337463','00748559054','+5534918882683','duis.ac.arcu@protonmail.couk'),(360,'38431656847','00728663795','+5554925435548','mollis@outlook.ca'),(361,'10477827665','00326657186','+5546959758661','donec.est.nunc@aol.com'),(362,'41441637858','00255495743','+5594923056724','non@google.ca'),(363,'14534052757','00305557057','+5516947673781','et.commodo.at@yahoo.ca'),(364,'48221650776','00306332234','+5514968734392','aenean@hotmail.edu'),(365,'46694871410','00356233823','+5582907681818','et.magnis@hotmail.edu'),(366,'64914806054','00124921878','+5578924380224','egestas.blandit@hotmail.edu'),(367,'72332848219','00765528545','+5546970193487','dolor.donec@icloud.edu'),(368,'15188613591','00568830613','+5500978607522','pharetra@yahoo.edu'),(369,'88782981456','00974505327','+5588965631658','neque.et.nunc@icloud.com'),(370,'61132649490','00012134721','+5525960777788','sollicitudin.commodo@hotmail.com'),(371,'04948564172','00243980827','+5542963253325','sed@icloud.org'),(372,'56271734876','00743180805','+5550984928445','proin.vel@icloud.ca'),(373,'76566262814','00392398239','+5558916683948','consectetuer.rhoncus@google.org'),(374,'35983943574','00484351479','+5579958122425','phasellus.nulla@protonmail.edu'),(375,'22478623633','00823524152','+5576935102859','ligula.consectetuer.rhoncus@yahoo.net'),(376,'67042481952','00899861421','+5555936232871','et.ultrices.posuere@hotmail.couk'),(377,'81028555685','00776644913','+5592931602775','ipsum.cursus.vestibulum@hotmail.ca'),(378,'82722114765','00957592847','+5596925383751','est.ac@protonmail.com'),(379,'44476849214','00517313885','+5578925475936','donec.luctus.aliquet@hotmail.net'),(380,'60316320638','00206275548','+5575984574703','non.egestas.a@protonmail.net'),(381,'16216786488','00834792768','+5521952657855','in.nec.orci@outlook.couk'),(382,'91651381133','00125603121','+5528981250643','vivamus@aol.org'),(383,'92780264851','00367134847','+5583926316614','eu.placerat@google.org'),(384,'36393613615','00636336530','+5506918436452','cursus.in@outlook.org'),(385,'86329474745','00373322580','+5545944241323','amet.nulla.donec@yahoo.couk'),(386,'00809668223','00807988489','+5528908869793','fringilla.donec@aol.net'),(387,'65553366047','00532757166','+5515948365352','urna.nec@outlook.couk'),(388,'37507233181','00456725514','+5511943187088','semper.pretium@icloud.com'),(389,'18778532230','00801728815','+5535940177401','gravida.praesent.eu@protonmail.ca'),(390,'33762735782','00454195531','+5521983537150','nulla.tincidunt.neque@hotmail.net'),(391,'22068253187','00854014719','+5574941274556','suspendisse.non@google.net'),(392,'62854354261','00212878131','+5571932147364','massa.non@hotmail.com'),(393,'06401095535','00948152203','+5577915920710','amet.nulla@icloud.org'),(394,'39855764486','00210243552','+5586965223636','risus@icloud.org'),(395,'74167663282','00776277424','+5524956237627','ligula.aenean.euismod@yahoo.couk'),(396,'76021554991','00135836863','+5506923142632','urna@yahoo.ca'),(397,'91364432733','00045938153','+5523969138345','nulla.ante@aol.edu'),(398,'74588524130','00664851738','+5536931370347','taciti.sociosqu@icloud.edu'),(399,'66986737005','00113333372','+5576975157346','semper@hotmail.couk'),(400,'61078875137','00766724819','+5572968662329','elementum.at@google.net'),(401,'38220645154','00324367710','+5552962347421','imperdiet.ornare@yahoo.com'),(402,'53775764548','00227673695','+5529963254195','nascetur.ridiculus@yahoo.net'),(403,'88783627773','00377297673','+5590963464722','quam.elementum@protonmail.ca'),(404,'37098684645','00654782270','+5568933944427','eget.ipsum@yahoo.couk'),(405,'91190617674','00558111530','+5521978162263','curabitur.vel@hotmail.net'),(406,'86348453593','00773085051','+5515918865799','commodo.ipsum.suspendisse@aol.ca'),(407,'40467666668','00954461242','+5541953921787','erat@aol.com'),(408,'61255222331','00573752519','+5582912378038','iaculis.nec.eleifend@outlook.couk'),(409,'54507236736','00967878521','+5561965476892','nulla@outlook.edu'),(410,'23934656991','00858360856','+5567935218056','leo.in.lobortis@protonmail.ca'),(411,'37521523897','00521493022','+5585952541650','arcu.sed@google.couk'),(412,'56371444819','00953426974','+5523925313147','tellus.eu@protonmail.org'),(413,'69563837224','00889259613','+5547935444146','non.lobortis@hotmail.org'),(414,'58321138584','00727293707','+5521962863488','elit@aol.couk'),(415,'98255477834','00449738487','+5519937182097','felis.donec@icloud.ca'),(416,'90762548922','00444761761','+5556931260281','porttitor.interdum@icloud.org'),(417,'11927874538','00825462751','+5516976584573','ac.risus.morbi@hotmail.edu'),(418,'47644430368','00285383126','+5528975438364','feugiat@google.edu'),(419,'99123538288','00706374785','+5506952237676','quis@icloud.couk'),(420,'53175640893','00097318662','+5556949277311','mattis.ornare@protonmail.com'),(421,'06854096008','00350991432','+5573968760334','magna.tellus.faucibus@protonmail.org'),(422,'13750369946','00288564316','+5565974823400','cras.eget@yahoo.edu'),(423,'35871372064','00159961005','+5527966109729','a@google.ca'),(424,'48835664666','00452420366','+5530952662332','consequat@hotmail.couk'),(425,'83168446554','00316163851','+5536988882061','libero.at@google.net'),(426,'05757112667','00215496025','+5566980052552','gravida.praesent.eu@icloud.edu'),(427,'14676814581','00572588376','+5534985967935','ullamcorper@outlook.edu'),(428,'31416615579','00340512555','+5542953118139','est.ac.facilisis@protonmail.ca'),(429,'00666084993','00085865315','+5529931256533','mauris.molestie.pharetra@icloud.net'),(430,'15698316795','00485841619','+5565963565668','lectus@protonmail.org'),(431,'07248195074','00268351592','+5533987497688','eu.nulla@icloud.com'),(432,'96917501260','00512835926','+5578984435866','suspendisse.aliquet@hotmail.ca'),(433,'35005789827','00140817104','+5514905721031','nec@icloud.couk'),(434,'00841361102','00614176550','+5514972815118','ut@icloud.net'),(435,'75966695473','00433248641','+5577913837286','eu.eleifend@outlook.couk'),(436,'18815438025','00343119185','+5556921244248','lorem.fringilla.ornare@protonmail.com'),(437,'35714534572','00466816166','+5573986524333','aenean@google.edu'),(438,'12409885418','00975273346','+5512956714847','quisque@yahoo.net'),(439,'30831892664','00161127874','+5578958746714','luctus@icloud.com'),(440,'15251546802','00618853976','+5577931374195','curae.donec.tincidunt@google.com'),(441,'86442129403','00652632305','+5519958739070','faucibus.orci@icloud.ca'),(442,'64422647981','00456313741','+5566946475850','nascetur@protonmail.edu'),(443,'11562697106','00335639713','+5537911547326','sollicitudin.commodo@hotmail.com'),(444,'22758445776','00650240650','+5554978123536','donec.felis@google.couk'),(445,'53318180637','00983143778','+5552915713972','ac.risus@outlook.com'),(446,'14080141616','00443115026','+5527967267165','fermentum@outlook.org'),(447,'48417883958','00553514493','+5555983406074','ligula.nullam@outlook.edu'),(448,'64931604732','00898115260','+5551961880795','feugiat.lorem@protonmail.org'),(449,'22737453874','00617628278','+5576917422952','et@icloud.com'),(450,'39058714047','00284017166','+5532916592078','mollis.duis@hotmail.ca'),(451,'18375382084','00752485881','+5502944122868','sapien.aenean@hotmail.edu'),(452,'07168087480','00826536808','+5594976863287','rutrum.lorem.ac@outlook.org'),(453,'64214920144','00374166638','+5514972053712','tristique.pharetra@outlook.edu'),(454,'61778282747','00690420043','+5563948137281','euismod.est.arcu@protonmail.ca'),(455,'24879811273','00817886570','+5538987485312','fusce@outlook.org'),(456,'48913264430','00383679526','+5537985889736','ultricies@outlook.com'),(457,'11696562888','00378449122','+5565944665799','lobortis@aol.net'),(458,'35832875211','00846174162','+5558968851644','mi.lacinia@icloud.edu'),(459,'16897461907','00466434736','+5512971002111','quis@google.net'),(460,'18436647688','00442258784','+5521968766579','eu.ligula@google.org'),(461,'55271667511','00249043084','+5513995684446','pede.et@google.couk'),(462,'67581116153','00097823848','+5543945132684','et.libero.proin@protonmail.com'),(463,'13538725372','00044891711','+5518935762636','nec.ante@yahoo.com'),(464,'29245873637','00105051564','+5594987975781','tellus@protonmail.edu'),(465,'28050263429','00548847494','+5576963432276','congue.in@aol.net'),(466,'70816156541','00560713660','+5593923222594','tempus.risus@icloud.net'),(467,'24822825539','00599531624','+5576960329939','elit.sed.consequat@aol.net'),(468,'58852262319','00243638704','+5505911413235','id.libero@protonmail.couk'),(469,'41271667535','00261754070','+5503924367623','ut.ipsum@protonmail.ca'),(470,'88171484731','00462101567','+5507932467722','praesent@icloud.edu'),(471,'36231101642','00904888775','+5511925282731','integer.tincidunt.aliquam@outlook.edu'),(472,'15389565844','00155585808','+5512932688181','nascetur.ridiculus@outlook.edu'),(473,'61748474948','00290235017','+5570935832267','interdum.feugiat@aol.edu'),(474,'82764418573','00461974137','+5589948354578','enim.commodo@outlook.ca'),(475,'35984153649','00602969324','+5511978497720','mi.pede@protonmail.couk'),(476,'62700526833','00046988856','+5518911273562','quis@hotmail.com'),(477,'14772474937','00749637921','+5521983683626','ornare.lectus@icloud.ca'),(478,'27720844617','00268562271','+5524939352140','inceptos.hymenaeos.mauris@aol.com'),(479,'51397115636','00218261525','+5526978287418','magna.duis@google.edu'),(480,'73615243884','00000217062','+5533934873232','dapibus@google.org'),(481,'06633684456','00654072440','+5594955928355','duis.ac@outlook.net'),(482,'59654628213','00622813651','+5587955187041','malesuada.id@yahoo.net'),(483,'74216734867','00962037812','+5528916318117','ac.libero@google.org'),(484,'11368290509','00634488772','+5517977816783','sit@outlook.edu'),(485,'63796223638','00184366277','+5545965845663','sed.neque.sed@outlook.net'),(486,'88642818819','00696462836','+5541987346871','ultrices.posuere@outlook.com'),(487,'39803023682','00547836214','+5596978452572','iaculis.enim@aol.org'),(488,'55271483185','00711159361','+5563984741254','mollis.nec@outlook.com'),(489,'86448124330','00942734878','+5520938117329','dolor.tempus@protonmail.couk'),(490,'74315351516','00355892008','+5527933744611','dolor.quisque@protonmail.couk'),(491,'11024805477','00775767136','+5527949648214','fermentum@yahoo.com'),(492,'32838223797','00285397444','+5567912695333','lectus@protonmail.net'),(493,'66152245345','00596511957','+5561915931372','integer.eu.lacus@outlook.org'),(494,'69916309389','00719223042','+5541942867097','praesent.eu@hotmail.edu'),(495,'21463884553','00840629737','+5599929571701','quisque.ac.libero@icloud.com'),(496,'33842145038','00433915199','+5561955445360','sed.et@hotmail.ca'),(497,'81365018612','00332553343','+5586945652470','quis.arcu@protonmail.com'),(498,'45800429243','00449276947','+5515922173217','ipsum@yahoo.net'),(499,'44736864729','00387407156','+5513985366164','vulputate.mauris@icloud.net'),(500,'48340449307','00475768125','+5533987842559','nec.mauris@yahoo.ca');
/*!40000 ALTER TABLE `cliente` ENABLE KEYS */;
UNLOCK TABLES;

--
-- Table structure for table `cobranca`
--

DROP TABLE IF EXISTS `cobranca`;
/*!40101 SET @saved_cs_client     = @@character_set_client */;
/*!50503 SET character_set_client = utf8mb4 */;
CREATE TABLE `cobranca` (
  `id` int NOT NULL AUTO_INCREMENT,
  `data_cobranca` datetime NOT NULL DEFAULT CURRENT_TIMESTAMP,
  `valor_total_viagem` decimal(10,2) DEFAULT NULL,
  `id_viagem` int NOT NULL,
  PRIMARY KEY (`id`),
  KEY `fk_viagem_cobranca` (`id_viagem`),
  CONSTRAINT `fk_viagem_cobranca` FOREIGN KEY (`id_viagem`) REFERENCES `viagem` (`id`)
) ENGINE=InnoDB AUTO_INCREMENT=4 DEFAULT CHARSET=utf8mb4 COLLATE=utf8mb4_0900_ai_ci;
/*!40101 SET character_set_client = @saved_cs_client */;

--
-- Dumping data for table `cobranca`
--

LOCK TABLES `cobranca` WRITE;
/*!40000 ALTER TABLE `cobranca` DISABLE KEYS */;
INSERT INTO `cobranca` VALUES (1,'2022-11-04 01:24:35',172.80,3),(2,'2022-11-08 01:26:23',3950.40,2),(3,'2022-11-08 01:32:39',84.00,70);
/*!40000 ALTER TABLE `cobranca` ENABLE KEYS */;
UNLOCK TABLES;

--
-- Table structure for table `estacionamento`
--

DROP TABLE IF EXISTS `estacionamento`;
/*!40101 SET @saved_cs_client     = @@character_set_client */;
/*!50503 SET character_set_client = utf8mb4 */;
CREATE TABLE `estacionamento` (
  `cnpj` char(14) NOT NULL,
  `nome_fantasia` varchar(60) NOT NULL,
  `logradouro` varchar(50) NOT NULL,
  `numero` varchar(7) NOT NULL,
  `bairro` varchar(40) NOT NULL,
  `cidade` varchar(30) NOT NULL,
  `sigla_uf` char(2) NOT NULL,
  `cep` varchar(8) NOT NULL,
  PRIMARY KEY (`cnpj`)
) ENGINE=InnoDB DEFAULT CHARSET=utf8mb4 COLLATE=utf8mb4_0900_ai_ci;
/*!40101 SET character_set_client = @saved_cs_client */;

--
-- Dumping data for table `estacionamento`
--

LOCK TABLES `estacionamento` WRITE;
/*!40000 ALTER TABLE `estacionamento` DISABLE KEYS */;
INSERT INTO `estacionamento` VALUES ('02684376379907','Non Hendrerit Company','Ap #846-4088 Interdum St.','725','Kirsten','Novo Hamburgo','GO','89412813'),('15645957021585','Adipiscing Ligula Aenean Inc.','874-4969 Molestie. Street','256','Chadwick','Novo Hamburgo','CE','62586284'),('16111210399713','Et Commodo Limited','1174 Quis St.','877','John','Cricima','SP','65916938'),('16775115155329','Donec LLP','529-9774 Eleifend Road','851','Calista','Luzinia','RJ','63798494'),('18447911653905','Ac Inc.','P.O. Box 650, 5327 Ut Rd.','118','Howard','Salvador','SC','37759384'),('20820683376380','Cras Ltd','P.O. Box 407, 3873 Et Avenue','243','Alyssa','Santa Luzia','PR','40427640'),('21627425310923','Suspendisse Sagittis Nullam Corp.','Ap #366-1522 Amet St.','565','Finn','Balsas','PB','65689582'),('26235258555466','At Lacus Quisque Limited','Ap #910-2181 Gravida Ave','792','Prescott','Osasco','RJ','68210633'),('26883693673417','Facilisis Facilisis Magna Industries','716-5103 Eu Rd.','745','Jesse','Novo Hamburgo','SC','74797172'),('35858852131807','Sollicitudin A Malesuada Foundation','Ap #818-8252 Porttitor Ave','835','Linda','Osasco','RJ','98751152'),('46833081013816','Duis Mi Enim Company','960-1504 Ac Av.','789','Hunter','Jundia','RS','58042626'),('54568073496527','Neque Nullam LLP','Ap #375-6513 Tempor Rd.','294','Larissa','Goinia','PB','55968488'),('57272423615374','Lacinia At LLP','469-8392 Natoque Rd.','436','Brady','Camaari','PR','44832401'),('65164068864895','Luctus Corp.','Ap #598-5370 Sed Rd.','605','Nina','Juazeiro','PR','65757628'),('68344850162802','Augue Scelerisque Corp.','Ap #653-7561 Velit Rd.','882','Flynn','Camaari','PB','12572183'),('72866852931368','Curabitur Vel Limited','7494 Nec Ave','543','Darrel','Ananindeua','RJ','96066367'),('79437573546633','Auctor Consulting','Ap #805-7943 In, Ave','361','Eagan','Vitria da Conquista','PE','88412074'),('85215145212262','Neque Sed Sem Ltd','Ap #101-9224 Mi. Avenue','026','Noel','Imperatriz','PR','42852365'),('85626701717668','In Industries','775-809 Sed Rd.','405','Courtney','Ribeiro Preto','RJ','89275772'),('91726215781748','Nullam Nisl Associates','Ap #760-1201 Velit St.','485','Tanisha','Salvador','PB','37018723');
/*!40000 ALTER TABLE `estacionamento` ENABLE KEYS */;
UNLOCK TABLES;

--
-- Table structure for table `veiculo`
--

DROP TABLE IF EXISTS `veiculo`;
/*!40101 SET @saved_cs_client     = @@character_set_client */;
/*!50503 SET character_set_client = utf8mb4 */;
CREATE TABLE `veiculo` (
  `placa` char(7) NOT NULL,
  `marca` varchar(30) NOT NULL,
  `modelo` varchar(30) NOT NULL,
  `ano_fabricacao` char(4) NOT NULL,
  `cor` varchar(30) NOT NULL,
  `tarifa` decimal(10,2) DEFAULT NULL,
  `cnpj_estacionamento_atual` char(14) NOT NULL,
  `disponivel` tinyint(1) NOT NULL,
  PRIMARY KEY (`placa`),
  KEY `fk_estacionamento_cnpj` (`cnpj_estacionamento_atual`),
  CONSTRAINT `fk_estacionamento_cnpj` FOREIGN KEY (`cnpj_estacionamento_atual`) REFERENCES `estacionamento` (`cnpj`)
) ENGINE=InnoDB DEFAULT CHARSET=utf8mb4 COLLATE=utf8mb4_0900_ai_ci;
/*!40101 SET character_set_client = @saved_cs_client */;

--
-- Dumping data for table `veiculo`
--

LOCK TABLES `veiculo` WRITE;
/*!40000 ALTER TABLE `veiculo` DISABLE KEYS */;
INSERT INTO `veiculo` VALUES ('ACH2L61','HYUNDAI','GOLF','2015','VERDE',1.40,'16111210399713',0),('ADR7V64','CHEVROLET','GOLF','2022','PRATA',2.40,'57272423615374',1),('ADY8V18','FORD','HB20','2016','BRANCO',1.40,'57272423615374',0),('AFP5T36','VOLKSWAGEM','ONIX','2021','VERMELHO',2.40,'16775115155329',1),('AHF1I45','HONDA','UNO','2017','BRANCO',2.40,'46833081013816',1),('ANQ9T12','HYUNDAI','UP','2017','BRANCO',2.40,'16775115155329',1),('ANR1F97','FIAT','CORSA','2017','PRETO',2.40,'02684376379907',0),('ASB5I42','HYUNDAI','MOBI','2022','BRANCO',2.40,'85626701717668',0),('AUO4D88','VOLKSWAGEM','GOL','2022','CINZA',1.40,'16775115155329',0),('BAP0Y83','VOLKSWAGEM','FIESTA','2021','AZUL',2.40,'79437573546633',1),('BDR7V52','TOYOTA','FIESTA','2015','CINZA',1.40,'57272423615374',0),('BDS8W86','VOLKSWAGEM','PALIO','2020','CINZA',2.40,'85626701717668',1),('BEW4J83','FIAT','CORSA','2019','BRANCO',2.40,'16111210399713',0),('BGM3I18','HONDA','GOL','2021','BRANCO',1.40,'16111210399713',1),('BGQ6W86','VOLKSWAGEM','GOL','2021','BRANCO',2.40,'85626701717668',1),('BIE3D56','CHEVROLET','ONIX','2017','CINZA',2.40,'46833081013816',0),('BLX8H13','CHEVROLET','PALIO','2017','VERDE',2.40,'57272423615374',0),('BMW9K60','NISSAN','UP','2022','VERMELHO',2.40,'79437573546633',0),('BNG1A64','FORD','CELTA','2021','VERMELHO',2.40,'79437573546633',0),('BNM6X84','FORD','CORSA','2022','CINZA',2.40,'91726215781748',0),('BOE2C31','FORD','KA','2021','BRANCO',2.40,'16775115155329',0),('BPK6A47','HONDA','ONIX','2018','PRATA',2.40,'57272423615374',1),('BPS8K24','TOYOTA','GOLF','2018','VERMELHO',1.40,'15645957021585',1),('BRO4X88','HYUNDAI','CORSA','2015','BRANCO',1.40,'02684376379907',0),('BSA1I87','FIAT','HB20','2015','PRETO',2.40,'46833081013816',1),('BSZ3Y38','FORD','FIESTA','2019','VERDE',2.40,'16111210399713',0),('BUO2H04','CHEVROLET','GOLF','2015','VERMELHO',2.40,'85626701717668',1),('BVS1B33','CHEVROLET','MOBI','2021','VERDE',1.40,'16775115155329',0),('BWH4J35','FIAT','CELTA','2020','VERDE',1.40,'57272423615374',1),('BWH4U57','FIAT','CORSA','2017','PRATA',2.40,'02684376379907',0),('BXS0T45','HONDA','MOBI','2017','PRETO',1.40,'15645957021585',1),('BXZ4Z28','FORD','CORSA','2020','VERDE',3.40,'79437573546633',1),('BYO7W38','HYUNDAI','UNO','2019','PRATA',1.40,'16111210399713',1),('CAU3H03','HYUNDAI','UNO','2016','PRATA',2.40,'15645957021585',0),('CBB4O81','CHEVROLET','GOLF','2021','PRETO',2.40,'79437573546633',1),('CBJ9R46','CHEVROLET','GOL','2020','VERDE',2.40,'85626701717668',1),('CBX3A29','FORD','UNO','2016','PRETO',2.40,'46833081013816',1),('CEC4E33','NISSAN','PALIO','2019','VERMELHO',1.40,'85626701717668',0),('CEZ1U28','VOLKSWAGEM','CORSA','2015','BRANCO',2.40,'85626701717668',1),('CIE6A14','HONDA','ONIX','2015','AZUL',2.40,'57272423615374',1),('CLV1B52','NISSAN','KA','2016','CINZA',2.40,'46833081013816',1),('CLW6D25','CHEVROLET','CORSA','2021','AZUL',2.40,'79437573546633',1),('CQR9X16','FORD','PALIO','2021','PRETO',2.40,'15645957021585',0),('CQU2B05','VOLKSWAGEM','UP','2022','PRETO',2.40,'46833081013816',0),('CTJ2A17','TOYOTA','UNO','2021','PRETO',2.40,'16775115155329',0),('CTU3N11','TOYOTA','MOBI','2020','PRETO',2.40,'85626701717668',1),('CTW2T21','FIAT','PALIO','2020','AZUL',2.40,'57272423615374',0),('CWY4W28','CHEVROLET','GOLF','2022','VERDE',1.40,'46833081013816',0),('CXL2Y57','VOLKSWAGEM','UNO','2020','VERMELHO',2.40,'02684376379907',0),('CXP8K94','FORD','KA','2019','VERMELHO',2.40,'79437573546633',1),('DBK0I11','KIA','KA','2021','PRATA',2.40,'46833081013816',0),('DDF7V43','CHEVROLET','UP','2020','BRANCO',3.40,'15645957021585',0),('DEZ7N15','TOYOTA','PALIO','2022','PRATA',2.40,'15645957021585',0),('DFE5J61','KIA','UP','2016','VERDE',2.40,'46833081013816',0),('DHR7C17','FORD','UNO','2022','BRANCO',2.40,'91726215781748',1),('DII6C37','VOLKSWAGEM','UP','2021','AZUL',2.40,'02684376379907',0),('DJD1Z17','TOYOTA','CELTA','2016','PRETO',1.40,'16775115155329',1),('DJT6K26','VOLKSWAGEM','CELTA','2020','BRANCO',3.40,'15645957021585',1),('DLH7J20','NISSAN','HB20','2020','PRATA',2.40,'15645957021585',0),('DLY1G75','TOYOTA','PALIO','2018','VERMELHO',2.40,'15645957021585',1),('DMF3P26','FORD','PALIO','2016','CINZA',1.40,'16775115155329',1),('DNQ8Y75','HYUNDAI','UP','2019','CINZA',3.40,'02684376379907',0),('DNS1I79','NISSAN','CELTA','2015','CINZA',1.40,'15645957021585',0),('DOE7E48','HONDA','PALIO','2022','VERDE',2.40,'15645957021585',0),('DPF2O11','HONDA','CELTA','2022','VERDE',2.40,'57272423615374',1),('DVH8I58','FORD','FIESTA','2018','BRANCO',1.40,'15645957021585',0),('DVL2J78','HYUNDAI','PALIO','2018','AZUL',2.40,'15645957021585',1),('DVY7O21','HYUNDAI','GOLF','2019','PRETO',2.40,'02684376379907',1),('DXS3J43','TOYOTA','PALIO','2015','BRANCO',2.40,'15645957021585',1),('ECI4Q38','CHEVROLET','MOBI','2016','VERMELHO',1.40,'46833081013816',0),('ECN8S14','HONDA','ONIX','2015','CINZA',2.40,'15645957021585',0),('EDX2A85','FORD','KA','2019','PRETO',2.40,'16111210399713',1),('EEE7F68','FIAT','GOL','2019','VERMELHO',3.40,'85626701717668',1),('EFW3S23','TOYOTA','ONIX','2019','BRANCO',1.40,'79437573546633',1),('EGP3I98','NISSAN','HB20','2017','BRANCO',1.40,'16775115155329',1),('EKE7L85','FORD','KA','2015','CINZA',2.40,'16111210399713',1),('EKU2N28','FIAT','FIESTA','2015','AZUL',1.40,'16775115155329',1),('ELZ7O80','KIA','GOL','2021','PRETO',2.40,'02684376379907',0),('ENS8I75','KIA','HB20','2019','AZUL',2.40,'91726215781748',0),('EOE6K27','FORD','KA','2017','VERDE',2.40,'91726215781748',0),('EQN5K53','KIA','CELTA','2015','BRANCO',2.40,'16775115155329',0),('EQR2K84','FIAT','GOLF','2016','VERDE',2.40,'79437573546633',1),('ERD8C18','KIA','KA','2022','CINZA',1.40,'16111210399713',0),('ERR1K71','HYUNDAI','ONIX','2019','BRANCO',2.40,'85626701717668',1),('ERT8N27','VOLKSWAGEM','HB20','2018','PRATA',2.40,'91726215781748',0),('ESP1T81','KIA','UP','2018','PRATA',2.40,'91726215781748',1),('EUR5D87','KIA','UP','2016','VERDE',1.40,'91726215781748',1),('EVB2S27','TOYOTA','GOL','2019','VERDE',2.40,'79437573546633',0),('EVP7W76','FORD','GOL','2022','BRANCO',2.40,'02684376379907',0),('EVX1V68','KIA','GOLF','2021','CINZA',2.40,'15645957021585',0),('EWX1D16','CHEVROLET','FIESTA','2018','VERDE',2.40,'02684376379907',0),('EWY8X28','HONDA','HB20','2016','PRETO',3.40,'02684376379907',0),('FBT7Z14','KIA','MOBI','2019','VERMELHO',1.40,'85626701717668',1),('FDO8J14','FIAT','UNO','2016','VERMELHO',2.40,'46833081013816',1),('FDQ2W63','FORD','CORSA','2015','BRANCO',2.40,'57272423615374',0),('FEH4P53','HYUNDAI','UP','2015','AZUL',2.40,'02684376379907',0),('FFW0R90','TOYOTA','UNO','2020','VERDE',1.40,'91726215781748',1),('FGP0V37','FIAT','UP','2015','BRANCO',2.40,'57272423615374',0),('FGX2W71','VOLKSWAGEM','UNO','2020','BRANCO',1.40,'79437573546633',1),('FHL8P99','VOLKSWAGEM','CORSA','2021','PRATA',3.40,'15645957021585',0),('FOZ2Q68','CHEVROLET','FIESTA','2017','PRETO',2.40,'16775115155329',0),('FPW7T28','TOYOTA','ONIX','2016','PRATA',2.40,'16775115155329',0),('FUH8I45','KIA','MOBI','2016','CINZA',2.40,'15645957021585',0),('FXY5C74','NISSAN','UNO','2018','VERDE',2.40,'91726215781748',0),('FYW9Z69','TOYOTA','CELTA','2020','VERMELHO',3.40,'02684376379907',0),('FZS4Z63','FIAT','UNO','2018','PRETO',2.40,'91726215781748',0),('GBY7W05','TOYOTA','KA','2021','PRETO',2.40,'16775115155329',0),('GBY8F74','NISSAN','ONIX','2021','PRATA',1.40,'91726215781748',1),('GCR3G35','HYUNDAI','GOL','2019','PRATA',2.40,'57272423615374',1),('GDM2H75','KIA','PALIO','2021','CINZA',2.40,'02684376379907',0),('GEU3D54','TOYOTA','ONIX','2022','CINZA',2.40,'57272423615374',0),('GEU8M30','HONDA','ONIX','2015','VERDE',1.40,'15645957021585',0),('GIT2U18','VOLKSWAGEM','CELTA','2020','CINZA',2.40,'16775115155329',1),('GIX3B45','KIA','KA','2019','VERDE',1.40,'57272423615374',1),('GKI4U84','HONDA','HB20','2022','PRETO',2.40,'46833081013816',1),('GMB3O55','NISSAN','GOL','2021','VERMELHO',1.40,'16111210399713',0),('GME8F63','FIAT','CORSA','2021','VERMELHO',2.40,'85626701717668',1),('GRU8W03','HONDA','UP','2022','PRATA',2.40,'15645957021585',1),('GSI1I15','HYUNDAI','ONIX','2020','AZUL',2.40,'16775115155329',0),('GTG3K16','VOLKSWAGEM','GOLF','2018','VERDE',2.40,'15645957021585',0),('GTI6Q26','TOYOTA','CELTA','2018','PRATA',2.40,'57272423615374',1),('GUW6L48','KIA','PALIO','2022','BRANCO',1.40,'46833081013816',0),('GVX6N44','TOYOTA','GOLF','2022','BRANCO',1.40,'16111210399713',1),('GWC6T19','NISSAN','KA','2021','VERDE',1.40,'16111210399713',0),('HCE2N66','HONDA','UNO','2017','VERDE',1.40,'91726215781748',0),('HLF2P28','FIAT','HB20','2015','BRANCO',3.40,'02684376379907',0),('HME9V36','HYUNDAI','PALIO','2017','VERDE',2.40,'85626701717668',1),('HMG1I73','CHEVROLET','MOBI','2017','BRANCO',1.40,'15645957021585',1),('HMV4E26','TOYOTA','UNO','2019','PRETO',1.40,'85626701717668',1),('HNI6A42','NISSAN','KA','2020','VERMELHO',1.40,'15645957021585',1),('HOD3H58','KIA','MOBI','2017','VERDE',2.40,'02684376379907',1),('HQE3Y11','HYUNDAI','KA','2017','VERDE',2.40,'15645957021585',1),('HSN4J34','FORD','ONIX','2021','PRETO',2.40,'15645957021585',1),('HUD8W78','VOLKSWAGEM','CORSA','2020','PRETO',1.40,'57272423615374',1),('HUJ4M87','KIA','MOBI','2017','PRETO',2.40,'85626701717668',0),('HUK4R01','NISSAN','GOL','2022','PRATA',2.40,'16775115155329',0),('HVO1D71','HONDA','ONIX','2020','PRETO',1.40,'91726215781748',0),('HWN6X82','HONDA','MOBI','2022','PRETO',1.40,'02684376379907',0),('HXP6K80','FIAT','PALIO','2019','BRANCO',1.40,'57272423615374',1),('HYJ7T32','FORD','UP','2018','VERDE',2.40,'02684376379907',1),('ICG4F20','HONDA','KA','2021','AZUL',2.40,'15645957021585',1),('IFS9V76','TOYOTA','GOLF','2019','PRETO',2.40,'79437573546633',0),('IJB6N37','FORD','HB20','2020','BRANCO',1.40,'16111210399713',0),('IJI7R15','FORD','GOL','2018','PRETO',2.40,'46833081013816',1),('ILP7B41','FORD','ONIX','2018','VERMELHO',2.40,'02684376379907',0),('IMI2R29','HYUNDAI','PALIO','2018','PRATA',2.40,'02684376379907',0),('IMT2J53','VOLKSWAGEM','CORSA','2017','CINZA',1.40,'85626701717668',1),('IOG3S63','HONDA','GOL','2021','CINZA',2.40,'16775115155329',1),('IOW5S15','FIAT','GOL','2019','CINZA',2.40,'85626701717668',0),('IQK1Z21','FORD','FIESTA','2021','PRATA',2.40,'16111210399713',1),('IQO0W04','NISSAN','UNO','2021','PRETO',2.40,'85626701717668',0),('IQT1C51','VOLKSWAGEM','GOL','2021','BRANCO',2.40,'85626701717668',0),('ISF7F74','CHEVROLET','ONIX','2016','PRATA',1.40,'16111210399713',0),('ITI0C58','VOLKSWAGEM','HB20','2016','PRATA',2.40,'16111210399713',1),('ITN3U75','FIAT','CELTA','2021','PRATA',1.40,'16775115155329',0),('IXF5Q97','NISSAN','CELTA','2021','CINZA',2.40,'02684376379907',1),('IXS0G26','VOLKSWAGEM','FIESTA','2016','VERDE',2.40,'16775115155329',1),('IXW6R48','FIAT','CELTA','2020','AZUL',2.40,'16111210399713',1),('IZE9M87','NISSAN','GOLF','2017','BRANCO',2.40,'15645957021585',0),('JBH1F35','NISSAN','GOLF','2017','AZUL',2.40,'57272423615374',0),('JBI1U26','VOLKSWAGEM','UNO','2021','CINZA',2.40,'46833081013816',1),('JCS3M62','HONDA','CELTA','2020','VERMELHO',1.40,'85626701717668',0),('JDS7Y02','FIAT','UNO','2018','BRANCO',2.40,'46833081013816',0),('JDU3F92','FIAT','CELTA','2021','AZUL',2.40,'85626701717668',0),('JEB9W62','HONDA','PALIO','2018','VERMELHO',2.40,'79437573546633',0),('JFH4C85','FORD','CELTA','2016','VERDE',2.40,'16111210399713',0),('JHV2L51','FORD','ONIX','2015','PRETO',1.40,'15645957021585',0),('JIR5U14','KIA','GOL','2016','PRATA',1.40,'16775115155329',1),('JKI4C08','NISSAN','GOL','2015','CINZA',2.40,'79437573546633',0),('JMZ3T02','TOYOTA','GOLF','2020','CINZA',1.40,'85626701717668',0),('JOR8M03','HYUNDAI','UP','2016','VERMELHO',2.40,'57272423615374',1),('JPN4Z68','HYUNDAI','UP','2019','AZUL',2.40,'16775115155329',0),('JRU4A62','FORD','UP','2016','PRATA',2.40,'91726215781748',0),('JTU5V29','VOLKSWAGEM','KA','2022','BRANCO',2.40,'46833081013816',1),('JVG5G47','TOYOTA','CORSA','2021','VERDE',2.40,'46833081013816',0),('JVW9A02','VOLKSWAGEM','CORSA','2022','BRANCO',2.40,'16775115155329',1),('JXF3X62','HYUNDAI','MOBI','2015','BRANCO',2.40,'15645957021585',0),('JXH8V58','CHEVROLET','CELTA','2021','VERDE',2.40,'79437573546633',0),('JXV2J65','CHEVROLET','FIESTA','2016','CINZA',2.40,'79437573546633',1),('JYB4L13','FIAT','HB20','2022','AZUL',1.40,'46833081013816',1),('KDP5H74','TOYOTA','CELTA','2020','BRANCO',2.40,'02684376379907',1),('KEJ4J33','CHEVROLET','CELTA','2015','AZUL',2.40,'16775115155329',0),('KFG7R63','TOYOTA','HB20','2015','VERDE',3.40,'57272423615374',0),('KGR6T66','FIAT','CELTA','2018','AZUL',1.40,'79437573546633',0),('KIT5N67','FIAT','MOBI','2022','CINZA',2.40,'16775115155329',1),('KJU3X74','TOYOTA','CELTA','2020','VERDE',2.40,'16111210399713',0),('KKP1E15','FORD','UP','2022','BRANCO',2.40,'16111210399713',1),('KLH0N37','KIA','FIESTA','2016','VERDE',2.40,'46833081013816',1),('KLR9T75','KIA','FIESTA','2015','VERDE',1.40,'85626701717668',0),('KMC3A51','NISSAN','KA','2021','CINZA',2.40,'15645957021585',1),('KMD3S21','NISSAN','UP','2017','BRANCO',2.40,'85626701717668',0),('KMS9H67','NISSAN','GOLF','2022','CINZA',3.40,'57272423615374',1),('KON1X56','FIAT','UP','2019','VERDE',2.40,'16775115155329',0),('KPF5U08','FORD','ONIX','2021','CINZA',1.40,'16775115155329',0),('KQU6R85','CHEVROLET','ONIX','2015','CINZA',2.40,'02684376379907',1),('KRL1S46','NISSAN','GOLF','2022','VERDE',2.40,'46833081013816',0),('KTP4J78','NISSAN','CORSA','2020','BRANCO',2.40,'57272423615374',1),('KTU0G72','VOLKSWAGEM','FIESTA','2018','PRATA',2.40,'57272423615374',0),('KUN7S65','NISSAN','UP','2016','AZUL',2.40,'02684376379907',0),('KVX4X18','CHEVROLET','UP','2016','BRANCO',1.40,'91726215781748',1),('KXX7B89','FIAT','MOBI','2016','BRANCO',2.40,'79437573546633',0),('KYE3S23','VOLKSWAGEM','KA','2017','BRANCO',3.40,'02684376379907',0),('LCW9J79','KIA','CORSA','2018','VERMELHO',2.40,'16111210399713',1),('LEH2H37','NISSAN','GOLF','2015','CINZA',2.40,'15645957021585',0),('LHJ4I63','TOYOTA','MOBI','2017','CINZA',2.40,'85626701717668',1),('LJX8K42','FORD','UP','2016','CINZA',2.40,'85626701717668',0),('LNL4G51','CHEVROLET','ONIX','2022','BRANCO',2.40,'16775115155329',1),('LNP4E45','HONDA','GOL','2015','PRETO',2.40,'16111210399713',1),('LOI3R28','HONDA','CORSA','2022','CINZA',1.40,'16775115155329',1),('LOK3C00','NISSAN','GOLF','2020','BRANCO',2.40,'16775115155329',1),('LPS6V83','FIAT','CORSA','2016','AZUL',1.40,'79437573546633',0),('LPU6G51','HYUNDAI','HB20','2022','PRETO',2.40,'91726215781748',1),('LQH2H47','CHEVROLET','CELTA','2015','CINZA',1.40,'16111210399713',1),('LQV7Q18','VOLKSWAGEM','PALIO','2015','CINZA',2.40,'15645957021585',0),('LQY8P17','CHEVROLET','GOLF','2016','BRANCO',2.40,'46833081013816',0),('LRI3G22','HONDA','HB20','2021','PRATA',2.40,'16111210399713',0),('LRJ7A86','HYUNDAI','GOL','2016','VERDE',1.40,'79437573546633',0),('LTL8B68','VOLKSWAGEM','CORSA','2022','PRATA',2.40,'46833081013816',0),('LUZ7Q37','HYUNDAI','CORSA','2017','PRATA',2.40,'16111210399713',0),('LWK4S27','NISSAN','UNO','2022','VERDE',2.40,'15645957021585',0),('LXP0K72','CHEVROLET','HB20','2015','CINZA',2.40,'57272423615374',1),('LYW7S74','VOLKSWAGEM','UP','2019','PRATA',2.40,'16111210399713',1),('MBR6E43','KIA','MOBI','2020','CINZA',3.40,'16775115155329',0),('MCM2F64','FIAT','GOL','2020','CINZA',2.40,'57272423615374',1),('MEH8K33','FORD','CORSA','2022','PRATA',3.40,'16111210399713',0),('MHL7H73','NISSAN','ONIX','2019','AZUL',1.40,'85626701717668',1),('MHV2Q65','NISSAN','ONIX','2020','PRETO',2.40,'85626701717668',0),('MIJ2C51','NISSAN','KA','2022','BRANCO',3.40,'57272423615374',1),('MJH9I11','NISSAN','CORSA','2016','VERMELHO',1.40,'15645957021585',1),('MJU4R61','KIA','UNO','2015','BRANCO',2.40,'79437573546633',1),('MKT3T06','TOYOTA','GOL','2019','AZUL',2.40,'91726215781748',0),('MLS4F87','CHEVROLET','UNO','2019','PRATA',2.40,'02684376379907',0),('MMI8E77','VOLKSWAGEM','KA','2016','BRANCO',1.40,'85626701717668',1),('MNV8P40','NISSAN','PALIO','2018','BRANCO',2.40,'16775115155329',1),('MOV4X42','VOLKSWAGEM','HB20','2020','AZUL',1.40,'16111210399713',0),('MQO0L60','NISSAN','CORSA','2016','CINZA',2.40,'15645957021585',1),('MUL6M69','NISSAN','GOL','2020','BRANCO',1.40,'02684376379907',0),('MVH9W23','NISSAN','HB20','2019','PRATA',2.40,'16111210399713',1),('MVR7G65','NISSAN','MOBI','2015','CINZA',2.40,'15645957021585',0),('MWO8B73','FIAT','MOBI','2022','VERMELHO',2.40,'02684376379907',0),('NBG6L22','NISSAN','UNO','2015','PRETO',3.40,'91726215781748',0),('NFL1A18','FORD','ONIX','2015','PRETO',2.40,'46833081013816',1),('NHH5M17','HONDA','GOLF','2022','AZUL',1.40,'57272423615374',0),('NKY7L10','NISSAN','CORSA','2015','VERMELHO',2.40,'15645957021585',0),('NPC2N98','NISSAN','UP','2015','BRANCO',2.40,'16111210399713',0),('NPK4Y54','CHEVROLET','GOL','2015','PRETO',2.40,'91726215781748',0),('NQA4N47','CHEVROLET','KA','2016','CINZA',3.40,'15645957021585',1),('NQD4D45','FORD','UNO','2019','VERMELHO',1.40,'91726215781748',1),('NRE4M76','HONDA','PALIO','2020','CINZA',1.40,'85626701717668',1),('NRP9L65','VOLKSWAGEM','MOBI','2015','AZUL',2.40,'85626701717668',1),('NUE3I94','HYUNDAI','ONIX','2021','VERMELHO',2.40,'02684376379907',0),('NUR7E58','FIAT','GOL','2016','VERDE',2.40,'91726215781748',0),('NVL1G15','HONDA','KA','2020','BRANCO',1.40,'46833081013816',1),('NVQ9M67','NISSAN','CORSA','2022','VERMELHO',2.40,'85626701717668',0),('OAZ3X87','TOYOTA','UP','2016','AZUL',1.40,'16775115155329',1),('OBL2G38','TOYOTA','ONIX','2015','BRANCO',1.40,'02684376379907',1),('OBW0S01','NISSAN','GOLF','2015','CINZA',2.40,'57272423615374',0),('OCB7F49','NISSAN','GOLF','2017','BRANCO',2.40,'16111210399713',1),('OCY6F84','VOLKSWAGEM','GOL','2016','PRETO',2.40,'02684376379907',0),('ODN5K58','FIAT','KA','2017','VERMELHO',2.40,'79437573546633',1),('ODW0Y45','FORD','ONIX','2015','CINZA',1.40,'57272423615374',1),('OEY6E21','HYUNDAI','CORSA','2021','CINZA',2.40,'02684376379907',0),('OGT9Y62','HONDA','HB20','2019','BRANCO',2.40,'16775115155329',1),('OIV4N75','NISSAN','GOL','2016','AZUL',2.40,'46833081013816',1),('OIX4R16','HYUNDAI','GOL','2022','PRATA',2.40,'79437573546633',0),('OLZ2F73','HYUNDAI','GOL','2019','CINZA',2.40,'91726215781748',0),('OMQ9C45','TOYOTA','UNO','2019','BRANCO',2.40,'91726215781748',1),('OND1M15','NISSAN','CORSA','2020','VERMELHO',2.40,'79437573546633',1),('ONK5J17','NISSAN','CELTA','2015','BRANCO',1.40,'79437573546633',1),('OPS5D01','KIA','UNO','2017','VERDE',1.40,'02684376379907',1),('OPS5V48','FORD','CORSA','2021','PRATA',2.40,'16775115155329',1),('OQC2F17','TOYOTA','CORSA','2018','VERMELHO',1.40,'15645957021585',0),('ORE3R01','FIAT','FIESTA','2021','BRANCO',1.40,'16775115155329',1),('ORL6W52','FIAT','MOBI','2015','CINZA',2.40,'91726215781748',0),('OSH1N11','KIA','ONIX','2018','VERDE',2.40,'16775115155329',0),('OTQ6B73','FORD','CELTA','2016','CINZA',2.40,'46833081013816',1),('OXN8E81','HONDA','GOL','2018','VERMELHO',1.40,'46833081013816',1),('OYC9C61','HYUNDAI','UP','2021','BRANCO',2.40,'16775115155329',0),('OZW9A68','FIAT','GOLF','2015','VERDE',2.40,'85626701717668',1),('PAB3V18','NISSAN','UNO','2016','AZUL',2.40,'85626701717668',1),('PBR7D53','KIA','HB20','2018','VERMELHO',2.40,'02684376379907',0),('PEQ6O20','HYUNDAI','HB20','2020','AZUL',2.40,'91726215781748',0),('PFB1E40','HYUNDAI','UNO','2017','BRANCO',2.40,'16775115155329',0),('PGJ9B41','HYUNDAI','FIESTA','2019','VERMELHO',2.40,'79437573546633',0),('PGT1O51','VOLKSWAGEM','GOLF','2022','PRATA',2.40,'15645957021585',1),('PIX4X13','TOYOTA','PALIO','2018','AZUL',2.40,'46833081013816',1),('PKO1L83','KIA','GOL','2016','PRETO',2.40,'79437573546633',0),('PNZ1Q84','NISSAN','MOBI','2015','CINZA',1.40,'91726215781748',0),('PPH6Z54','HONDA','UP','2017','VERMELHO',2.40,'57272423615374',0),('PPP4R85','HYUNDAI','MOBI','2015','VERMELHO',2.40,'46833081013816',0),('PRU1A80','TOYOTA','CORSA','2020','AZUL',2.40,'79437573546633',1),('PRX4T56','KIA','GOL','2021','AZUL',2.40,'79437573546633',0),('PUE3X22','TOYOTA','GOLF','2018','PRATA',2.40,'79437573546633',1),('PVH3M93','HYUNDAI','KA','2019','BRANCO',2.40,'57272423615374',0),('PVJ0Q78','FORD','ONIX','2019','CINZA',2.40,'16111210399713',0),('PYQ4X65','CHEVROLET','HB20','2022','AZUL',2.40,'15645957021585',0),('QBG7B65','VOLKSWAGEM','PALIO','2019','PRETO',2.40,'16775115155329',1),('QCC5D15','CHEVROLET','FIESTA','2015','AZUL',2.40,'79437573546633',0),('QFV4R36','FIAT','CELTA','2018','VERDE',2.40,'79437573546633',1),('QHQ4W12','NISSAN','PALIO','2020','PRATA',2.40,'57272423615374',0),('QIU2G85','KIA','HB20','2019','PRETO',2.40,'79437573546633',0),('QIV8J13','TOYOTA','UP','2018','BRANCO',2.40,'02684376379907',1),('QJX4I97','CHEVROLET','PALIO','2018','PRETO',2.40,'91726215781748',1),('QLN5B48','HONDA','KA','2017','PRATA',3.40,'15645957021585',1),('QOX7F94','FIAT','GOL','2021','VERMELHO',1.40,'46833081013816',1),('QRO4I23','VOLKSWAGEM','HB20','2019','VERDE',2.40,'02684376379907',0),('QSI5O47','CHEVROLET','FIESTA','2017','PRATA',2.40,'46833081013816',1),('QSX2R91','CHEVROLET','KA','2018','VERDE',3.40,'02684376379907',0),('QTP7R25','HONDA','PALIO','2022','PRETO',2.40,'46833081013816',1),('QUB8T74','CHEVROLET','ONIX','2020','PRETO',2.40,'85626701717668',0),('QWF7O36','HONDA','FIESTA','2022','VERMELHO',1.40,'85626701717668',0),('QWZ1E16','NISSAN','FIESTA','2015','VERMELHO',2.40,'79437573546633',1),('QXU7L23','VOLKSWAGEM','CORSA','2017','PRETO',2.40,'16111210399713',1),('QXX2P73','FIAT','PALIO','2022','CINZA',2.40,'85626701717668',0),('QYN9W32','TOYOTA','PALIO','2021','BRANCO',1.40,'16775115155329',1),('RBM3F27','HYUNDAI','UNO','2015','PRATA',1.40,'02684376379907',0),('RBY1D75','NISSAN','PALIO','2022','VERDE',2.40,'16775115155329',0),('RFL2Q37','CHEVROLET','FIESTA','2017','AZUL',2.40,'57272423615374',0),('RFL9U89','TOYOTA','CELTA','2016','BRANCO',1.40,'16775115155329',1),('RGI3B45','HONDA','FIESTA','2022','PRETO',2.40,'57272423615374',0),('RGP8N44','VOLKSWAGEM','GOL','2020','CINZA',1.40,'16111210399713',0),('RGQ6E74','KIA','UNO','2019','VERDE',2.40,'46833081013816',0),('RHE4A03','NISSAN','HB20','2017','VERMELHO',2.40,'79437573546633',1),('RHE6Q26','VOLKSWAGEM','MOBI','2016','VERDE',2.40,'16111210399713',0),('RHH1F72','CHEVROLET','UNO','2019','VERMELHO',3.40,'15645957021585',1),('RIM7M86','TOYOTA','GOLF','2021','CINZA',2.40,'57272423615374',0),('RIW4E30','FIAT','HB20','2018','AZUL',1.40,'02684376379907',0),('RJU4Y32','NISSAN','HB20','2015','AZUL',1.40,'79437573546633',0),('RKW7N16','TOYOTA','GOLF','2019','CINZA',2.40,'16111210399713',1),('RNJ4R55','CHEVROLET','KA','2015','CINZA',2.40,'91726215781748',0),('RPB1G74','FORD','CORSA','2016','VERDE',2.40,'79437573546633',1),('RRO7H72','HYUNDAI','HB20','2019','VERMELHO',1.40,'91726215781748',1),('RSN8B97','HYUNDAI','GOLF','2019','AZUL',1.40,'57272423615374',1),('RYE7F11','KIA','ONIX','2022','AZUL',2.40,'16775115155329',1),('RYQ1V71','TOYOTA','FIESTA','2017','PRATA',2.40,'02684376379907',1),('RZI7S49','VOLKSWAGEM','UNO','2017','BRANCO',2.40,'79437573546633',0),('SAM5U38','CHEVROLET','KA','2020','PRATA',2.40,'85626701717668',1),('SAP6B15','FORD','PALIO','2016','VERDE',1.40,'15645957021585',1),('SCQ1G01','NISSAN','MOBI','2016','VERDE',2.40,'46833081013816',0),('SDQ1G48','NISSAN','UP','2020','VERMELHO',1.40,'79437573546633',0),('SEM8U62','HONDA','PALIO','2015','PRETO',2.40,'46833081013816',0),('SFC2N79','FORD','UNO','2016','BRANCO',1.40,'79437573546633',1),('SHZ8N16','CHEVROLET','PALIO','2016','PRETO',2.40,'16111210399713',0),('SIQ4A91','HONDA','HB20','2020','BRANCO',2.40,'91726215781748',1),('SMB7I86','NISSAN','GOL','2015','PRETO',2.40,'15645957021585',0),('SNS2G14','VOLKSWAGEM','GOL','2019','VERDE',2.40,'02684376379907',1),('SPQ5F30','NISSAN','ONIX','2015','VERDE',2.40,'91726215781748',1),('SQH0Z81','VOLKSWAGEM','FIESTA','2016','PRETO',1.40,'16775115155329',0),('SRD9A37','HONDA','PALIO','2020','PRETO',1.40,'57272423615374',1),('SSP6J98','HONDA','GOL','2016','BRANCO',3.40,'79437573546633',1),('STH3Y69','CHEVROLET','UP','2021','CINZA',2.40,'02684376379907',1),('STW8G26','FORD','GOLF','2018','BRANCO',2.40,'91726215781748',1),('SUD8O14','FORD','FIESTA','2015','CINZA',1.40,'91726215781748',0),('SUE5Y95','TOYOTA','CELTA','2022','PRETO',2.40,'16111210399713',0),('SUJ8M06','FORD','MOBI','2022','BRANCO',1.40,'16111210399713',0),('SYF9C46','KIA','GOLF','2021','CINZA',2.40,'91726215781748',1),('SZX1M91','CHEVROLET','CELTA','2021','PRETO',2.40,'79437573546633',1),('TAY2D26','FORD','UP','2017','VERMELHO',2.40,'16111210399713',1),('TEC1E16','KIA','GOLF','2020','VERMELHO',2.40,'79437573546633',0),('TEX7E47','NISSAN','KA','2017','VERMELHO',2.40,'02684376379907',0),('TGV1V04','FIAT','GOLF','2020','VERMELHO',2.40,'46833081013816',0),('TIP9N86','VOLKSWAGEM','GOL','2016','PRATA',2.40,'79437573546633',0),('TJM8U12','HONDA','FIESTA','2019','VERMELHO',3.40,'85626701717668',0),('TKD1C95','VOLKSWAGEM','GOLF','2016','CINZA',1.40,'46833081013816',1),('TKN5R83','VOLKSWAGEM','UP','2015','VERMELHO',1.40,'79437573546633',0),('TMM5D14','HYUNDAI','CORSA','2016','VERMELHO',2.40,'15645957021585',1),('TMU9G83','TOYOTA','GOL','2022','PRATA',1.40,'91726215781748',0),('TNV3T51','NISSAN','FIESTA','2019','BRANCO',1.40,'16111210399713',1),('TOA5F74','HYUNDAI','GOLF','2019','AZUL',1.40,'85626701717668',0),('TPH3R06','FIAT','CORSA','2018','AZUL',2.40,'57272423615374',1),('TRE0G28','TOYOTA','MOBI','2018','PRETO',1.40,'46833081013816',0),('TSE3L66','TOYOTA','PALIO','2018','BRANCO',2.40,'16775115155329',0),('TTC4U51','HYUNDAI','FIESTA','2019','VERMELHO',2.40,'16111210399713',0),('TUL3H15','CHEVROLET','GOL','2018','VERMELHO',1.40,'85626701717668',0),('TWR3A49','CHEVROLET','GOLF','2022','CINZA',2.40,'57272423615374',1),('UBB3L37','VOLKSWAGEM','HB20','2015','CINZA',1.40,'85626701717668',1),('UBC2N12','FIAT','GOLF','2019','AZUL',2.40,'79437573546633',0),('UBM3R87','HONDA','CORSA','2021','PRETO',2.40,'91726215781748',1),('UCM6I31','HYUNDAI','UNO','2017','PRETO',1.40,'85626701717668',0),('UCU4C63','HYUNDAI','GOL','2020','PRETO',1.40,'16775115155329',1),('UDQ0B34','CHEVROLET','ONIX','2020','AZUL',2.40,'15645957021585',0),('UEK6L83','KIA','UNO','2017','VERMELHO',2.40,'85626701717668',1),('UHI7Q87','KIA','FIESTA','2022','BRANCO',2.40,'46833081013816',1),('UIQ5L16','NISSAN','HB20','2021','BRANCO',2.40,'16775115155329',1),('UJS7L83','VOLKSWAGEM','UP','2021','VERMELHO',2.40,'85626701717668',0),('UKV2C74','CHEVROLET','ONIX','2018','BRANCO',2.40,'46833081013816',1),('UMJ7S26','VOLKSWAGEM','GOLF','2017','BRANCO',2.40,'79437573546633',0),('UOG7J35','TOYOTA','GOLF','2016','PRATA',2.40,'02684376379907',0),('UOT3H15','FIAT','UP','2019','VERDE',2.40,'46833081013816',1),('UQD4V40','FIAT','ONIX','2021','CINZA',2.40,'79437573546633',0),('URG1F04','HONDA','ONIX','2020','PRATA',2.40,'91726215781748',0),('URG2K07','KIA','PALIO','2015','VERMELHO',1.40,'85626701717668',1),('USF8L68','TOYOTA','MOBI','2019','CINZA',3.40,'16775115155329',1),('USS7E73','FIAT','HB20','2019','PRATA',1.40,'57272423615374',1),('UVF0W38','TOYOTA','PALIO','2019','AZUL',2.40,'57272423615374',0),('UVN7H40','KIA','UP','2018','VERDE',2.40,'57272423615374',1),('VCD2S38','HYUNDAI','HB20','2019','AZUL',1.40,'79437573546633',0),('VET5W27','CHEVROLET','UNO','2021','PRATA',2.40,'79437573546633',1),('VFQ4Y84','KIA','FIESTA','2016','CINZA',2.40,'16775115155329',1),('VIC6W56','KIA','ONIX','2019','BRANCO',2.40,'85626701717668',0),('VLU8T16','HONDA','GOLF','2017','CINZA',2.40,'85626701717668',1),('VMM7P57','CHEVROLET','MOBI','2021','PRATA',2.40,'02684376379907',1),('VPX1S18','FIAT','PALIO','2018','CINZA',2.40,'79437573546633',1),('VQF7T12','KIA','MOBI','2017','PRATA',2.40,'57272423615374',1),('VRR0S79','CHEVROLET','GOLF','2016','BRANCO',2.40,'79437573546633',0),('VSH4E60','VOLKSWAGEM','ONIX','2017','VERDE',3.40,'16775115155329',1),('VTH7Q19','NISSAN','MOBI','2018','PRATA',2.40,'85626701717668',0),('VTM5Z62','KIA','ONIX','2021','PRETO',2.40,'85626701717668',0),('VWD6E13','FIAT','KA','2016','AZUL',2.40,'15645957021585',0),('VXA0H58','TOYOTA','UNO','2022','BRANCO',2.40,'16111210399713',1),('VXD3W15','NISSAN','GOL','2021','PRETO',2.40,'85626701717668',0),('WCF8L46','NISSAN','UNO','2017','AZUL',2.40,'85626701717668',1),('WCQ4A58','FIAT','KA','2020','PRETO',2.40,'16111210399713',0),('WDE9P56','FIAT','CORSA','2022','AZUL',1.40,'02684376379907',0),('WEQ7V45','CHEVROLET','UP','2018','PRATA',2.40,'91726215781748',1),('WFC5Q55','HONDA','GOL','2020','VERMELHO',2.40,'46833081013816',0),('WHT1F66','NISSAN','PALIO','2015','BRANCO',2.40,'79437573546633',1),('WJI8Y57','CHEVROLET','KA','2016','AZUL',1.40,'46833081013816',1),('WKW2D56','TOYOTA','MOBI','2020','BRANCO',2.40,'79437573546633',0),('WLI7V53','FIAT','GOLF','2016','PRATA',2.40,'79437573546633',1),('WMO1Y16','VOLKSWAGEM','CORSA','2015','AZUL',2.40,'46833081013816',0),('WMT9J97','VOLKSWAGEM','CORSA','2022','BRANCO',1.40,'02684376379907',0),('WMX1J65','NISSAN','FIESTA','2022','VERDE',2.40,'91726215781748',0),('WOU6B46','KIA','MOBI','2022','BRANCO',2.40,'02684376379907',1),('WPU0J34','KIA','FIESTA','2019','PRATA',1.40,'16775115155329',1),('WRG3W49','KIA','KA','2017','BRANCO',2.40,'16111210399713',1),('WVL8C47','VOLKSWAGEM','UNO','2017','CINZA',2.40,'91726215781748',1),('WXZ9L38','NISSAN','KA','2015','AZUL',1.40,'79437573546633',1),('XAT1Q85','CHEVROLET','KA','2017','VERDE',3.40,'46833081013816',1),('XBE4V64','CHEVROLET','PALIO','2019','VERMELHO',3.40,'46833081013816',1),('XEO0G27','CHEVROLET','GOL','2016','BRANCO',2.40,'02684376379907',1),('XGA1Q87','NISSAN','UNO','2021','VERDE',2.40,'46833081013816',1),('XGR8W06','HYUNDAI','GOL','2018','AZUL',2.40,'02684376379907',0),('XHQ7X47','HYUNDAI','CORSA','2017','BRANCO',2.40,'79437573546633',1),('XIN3Q23','FORD','ONIX','2022','AZUL',1.40,'15645957021585',0),('XJN8D76','NISSAN','CELTA','2017','BRANCO',2.40,'57272423615374',0),('XJV1E44','FIAT','ONIX','2019','BRANCO',2.40,'02684376379907',0),('XMG6F29','FIAT','KA','2022','VERDE',2.40,'46833081013816',1),('XMT6D65','FORD','MOBI','2021','CINZA',2.40,'02684376379907',1),('XOA5T64','TOYOTA','FIESTA','2020','PRATA',1.40,'79437573546633',0),('XOF3C62','CHEVROLET','PALIO','2015','AZUL',2.40,'91726215781748',1),('XPI2H11','KIA','ONIX','2017','VERDE',2.40,'91726215781748',0),('XRD1G44','CHEVROLET','FIESTA','2020','VERMELHO',1.40,'57272423615374',1),('XRE7T13','TOYOTA','CELTA','2019','PRATA',1.40,'46833081013816',1),('XRQ5G23','HONDA','CELTA','2019','PRETO',2.40,'15645957021585',0),('XRZ7W51','NISSAN','KA','2022','BRANCO',2.40,'91726215781748',0),('XSA9D46','VOLKSWAGEM','GOLF','2018','PRATA',1.40,'85626701717668',0),('XUG0B71','FORD','ONIX','2016','BRANCO',1.40,'02684376379907',1),('XUW1U61','HONDA','UNO','2015','VERMELHO',2.40,'15645957021585',0),('XVG2N22','FORD','MOBI','2016','CINZA',2.40,'57272423615374',1),('XVT5J77','FORD','CELTA','2017','VERDE',1.40,'16775115155329',0),('XWJ2G43','KIA','GOLF','2021','CINZA',2.40,'15645957021585',0),('XXI0J52','HONDA','CORSA','2015','CINZA',2.40,'15645957021585',1),('XXQ4B45','KIA','UP','2017','BRANCO',2.40,'02684376379907',1),('XZW4K13','VOLKSWAGEM','MOBI','2022','PRATA',1.40,'57272423615374',0),('YAY7T83','FIAT','GOLF','2017','CINZA',2.40,'16775115155329',0),('YBK8H08','KIA','ONIX','2019','PRATA',1.40,'16111210399713',0),('YBW0S33','CHEVROLET','GOL','2021','CINZA',2.40,'02684376379907',0),('YDR5L85','NISSAN','MOBI','2020','PRETO',2.40,'15645957021585',0),('YFN0X15','FIAT','UNO','2018','VERDE',2.40,'16111210399713',0),('YFV6U68','FORD','HB20','2021','AZUL',2.40,'16775115155329',0),('YFY5P22','KIA','CELTA','2020','PRATA',1.40,'79437573546633',1),('YGE6H13','CHEVROLET','MOBI','2018','VERMELHO',2.40,'46833081013816',1),('YGK4G84','TOYOTA','HB20','2017','BRANCO',2.40,'85626701717668',0),('YGW4Q77','FORD','CORSA','2019','PRETO',2.40,'16111210399713',1),('YGX4C93','FIAT','CELTA','2019','VERDE',1.40,'02684376379907',0),('YJJ9C16','CHEVROLET','PALIO','2021','PRETO',2.40,'15645957021585',0),('YKF3I66','TOYOTA','CELTA','2020','VERMELHO',2.40,'16775115155329',0),('YKU9I77','HYUNDAI','FIESTA','2018','CINZA',1.40,'02684376379907',0),('YMT1V82','VOLKSWAGEM','MOBI','2015','PRATA',2.40,'16775115155329',0),('YNM4X75','HYUNDAI','UP','2015','CINZA',3.40,'15645957021585',1),('YOR3B72','TOYOTA','FIESTA','2022','BRANCO',1.40,'16775115155329',0),('YSS4P33','TOYOTA','UP','2017','AZUL',2.40,'16111210399713',0),('YTF1W53','HYUNDAI','CORSA','2015','CINZA',2.40,'91726215781748',1),('YTX2W11','NISSAN','PALIO','2018','PRATA',2.40,'91726215781748',0),('YUB3H59','VOLKSWAGEM','HB20','2022','PRATA',3.40,'15645957021585',1),('YUC6D86','TOYOTA','UP','2016','VERMELHO',2.40,'46833081013816',1),('YUE4P12','KIA','GOLF','2019','PRATA',2.40,'57272423615374',1),('YUE7Q35','CHEVROLET','KA','2017','AZUL',2.40,'85626701717668',1),('YVC7R12','FORD','HB20','2022','CINZA',1.40,'02684376379907',0),('YWE2G92','HYUNDAI','PALIO','2022','VERDE',1.40,'79437573546633',0),('YXY8M96','VOLKSWAGEM','KA','2021','BRANCO',1.40,'46833081013816',1),('YYA2T55','FIAT','MOBI','2016','CINZA',2.40,'15645957021585',1),('YYB2E72','TOYOTA','PALIO','2018','CINZA',2.40,'85626701717668',0),('YYV4F94','HONDA','ONIX','2018','BRANCO',2.40,'57272423615374',1),('ZBT1Q31','FIAT','CELTA','2022','VERDE',1.40,'85626701717668',0),('ZEB8P13','FIAT','FIESTA','2016','CINZA',2.40,'57272423615374',0),('ZED8T28','NISSAN','GOLF','2015','BRANCO',2.40,'15645957021585',1),('ZEM6Y57','NISSAN','CORSA','2016','CINZA',2.40,'85626701717668',1),('ZEX3H04','KIA','MOBI','2020','PRETO',1.40,'02684376379907',0),('ZKX6H38','FIAT','KA','2020','PRATA',1.40,'91726215781748',1),('ZLQ0N17','VOLKSWAGEM','CELTA','2016','PRETO',1.40,'57272423615374',0),('ZMY2U62','HYUNDAI','KA','2019','VERMELHO',1.40,'15645957021585',0),('ZNF5Z18','HONDA','ONIX','2022','BRANCO',2.40,'91726215781748',1),('ZOB6Z83','FIAT','MOBI','2018','BRANCO',2.40,'85626701717668',1),('ZPI4E81','HONDA','UP','2019','VERDE',2.40,'16111210399713',1),('ZQS7L10','HONDA','PALIO','2015','VERDE',1.40,'57272423615374',0),('ZTW3Y04','KIA','CORSA','2022','BRANCO',2.40,'85626701717668',1),('ZVN7X93','HYUNDAI','UNO','2018','VERDE',1.40,'16775115155329',1),('ZZE9A58','HONDA','GOL','2018','PRETO',1.40,'46833081013816',0);
/*!40000 ALTER TABLE `veiculo` ENABLE KEYS */;
UNLOCK TABLES;

--
-- Table structure for table `viagem`
--

DROP TABLE IF EXISTS `viagem`;
/*!40101 SET @saved_cs_client     = @@character_set_client */;
/*!50503 SET character_set_client = utf8mb4 */;
CREATE TABLE `viagem` (
  `id` int NOT NULL AUTO_INCREMENT,
  `quilometragem_veiculo_origem` int NOT NULL,
  `quilometragem_veiculo_destino` int DEFAULT NULL,
  `cnpj_estacionamento_origem` char(14) NOT NULL,
  `cnpj_estacionamento_destino` char(14) DEFAULT NULL,
  `id_cliente` int NOT NULL,
  `placa_veiculo` char(7) NOT NULL,
  PRIMARY KEY (`id`),
  KEY `fk_carro_viagem` (`placa_veiculo`),
  KEY `fk_cliente_viagem` (`id_cliente`),
  KEY `fk_estacionamento_origem` (`cnpj_estacionamento_origem`),
  KEY `fk_estacionamento_destino` (`cnpj_estacionamento_destino`),
  CONSTRAINT `fk_carro_viagem` FOREIGN KEY (`placa_veiculo`) REFERENCES `veiculo` (`placa`),
  CONSTRAINT `fk_cliente_viagem` FOREIGN KEY (`id_cliente`) REFERENCES `cliente` (`id`),
  CONSTRAINT `fk_estacionamento_destino` FOREIGN KEY (`cnpj_estacionamento_destino`) REFERENCES `estacionamento` (`cnpj`),
  CONSTRAINT `fk_estacionamento_origem` FOREIGN KEY (`cnpj_estacionamento_origem`) REFERENCES `estacionamento` (`cnpj`)
) ENGINE=InnoDB AUTO_INCREMENT=71 DEFAULT CHARSET=utf8mb4 COLLATE=utf8mb4_0900_ai_ci;
/*!40101 SET character_set_client = @saved_cs_client */;

--
-- Dumping data for table `viagem`
--

LOCK TABLES `viagem` WRITE;
/*!40000 ALTER TABLE `viagem` DISABLE KEYS */;
INSERT INTO `viagem` VALUES (2,11354,13000,'26883693673417','02684376379907',65,'DVY7O21'),(3,7638,7710,'85626701717668','21627425310923',98,'BDS8W86'),(4,2000,NULL,'91726215781748',NULL,1,'BNM6X84'),(5,2000,NULL,'91726215781748',NULL,1,'BNM6X84'),(6,2000,NULL,'91726215781748',NULL,1,'BNM6X84'),(7,20008,NULL,'91726215781748',NULL,1,'BNM6X84'),(8,20008,NULL,'91726215781748',NULL,1,'BNM6X84'),(9,20008,NULL,'91726215781748',NULL,1,'BNM6X84'),(10,20008,NULL,'91726215781748',NULL,1,'BNM6X84'),(11,20008,NULL,'91726215781748',NULL,1,'BNM6X84'),(12,20008,NULL,'91726215781748',NULL,1,'BNM6X84'),(13,20008,NULL,'91726215781748',NULL,1,'BNM6X84'),(14,20008,NULL,'91726215781748',NULL,1,'BNM6X84'),(15,20008,NULL,'91726215781748',NULL,1,'BNM6X84'),(16,20008,NULL,'91726215781748',NULL,1,'BNM6X84'),(17,20008,NULL,'91726215781748',NULL,1,'BNM6X84'),(18,20008,NULL,'91726215781748',NULL,1,'BNM6X84'),(19,2121212,NULL,'91726215781748',NULL,12,'ORL6W52'),(20,2121212,NULL,'91726215781748',NULL,12,'ORL6W52'),(21,124124,NULL,'91726215781748',NULL,16,'XPI2H11'),(22,124124,NULL,'91726215781748',NULL,16,'XPI2H11'),(23,12412,NULL,'91726215781748',NULL,16,'BNM6X84'),(24,12412,NULL,'91726215781748',NULL,16,'BNM6X84'),(25,12412,NULL,'91726215781748',NULL,16,'BNM6X84'),(26,12412,NULL,'91726215781748',NULL,16,'BNM6X84'),(27,12412,NULL,'91726215781748',NULL,16,'BNM6X84'),(28,12412,NULL,'91726215781748',NULL,16,'BNM6X84'),(29,12412,NULL,'91726215781748',NULL,16,'BNM6X84'),(30,12412,NULL,'91726215781748',NULL,16,'BNM6X84'),(31,12412,NULL,'91726215781748',NULL,16,'BNM6X84'),(32,12412,NULL,'91726215781748',NULL,16,'BNM6X84'),(33,12412,NULL,'91726215781748',NULL,16,'BNM6X84'),(34,12412,NULL,'91726215781748',NULL,16,'BNM6X84'),(35,12412,NULL,'91726215781748',NULL,16,'BNM6X84'),(36,12412,NULL,'91726215781748',NULL,16,'BNM6X84'),(37,12412,NULL,'91726215781748',NULL,16,'BNM6X84'),(38,12412,NULL,'91726215781748',NULL,16,'BNM6X84'),(39,12412,NULL,'91726215781748',NULL,16,'BNM6X84'),(40,12412,NULL,'91726215781748',NULL,16,'BNM6X84'),(41,1212,NULL,'91726215781748',NULL,7,'BNM6X84'),(42,1212,NULL,'91726215781748',NULL,7,'BNM6X84'),(43,1213,NULL,'91726215781748',NULL,7,'BNM6X84'),(44,1213,NULL,'91726215781748',NULL,7,'BNM6X84'),(45,1213,NULL,'91726215781748',NULL,7,'BNM6X84'),(46,1213,NULL,'91726215781748',NULL,7,'BNM6X84'),(47,123,NULL,'02684376379907',NULL,1,'HLF2P28'),(48,123,NULL,'02684376379907',NULL,1,'HLF2P28'),(49,1231,NULL,'02684376379907',NULL,1,'DVY7O21'),(50,1231,NULL,'02684376379907',NULL,1,'DVY7O21'),(51,1231,NULL,'02684376379907',NULL,1,'DVY7O21'),(52,1231,NULL,'02684376379907',NULL,1,'DVY7O21'),(53,11111,NULL,'02684376379907',NULL,1,'EVP7W76'),(54,11111,NULL,'02684376379907',NULL,1,'EVP7W76'),(55,11111,NULL,'02684376379907',NULL,1,'EVP7W76'),(56,11111,NULL,'02684376379907',NULL,1,'EVP7W76'),(57,11111,NULL,'02684376379907',NULL,1,'EVP7W76'),(58,11111,NULL,'02684376379907',NULL,1,'EVP7W76'),(59,11111,NULL,'02684376379907',NULL,1,'EVP7W76'),(60,11111,NULL,'02684376379907',NULL,1,'EVP7W76'),(61,11111,NULL,'02684376379907',NULL,1,'EVP7W76'),(62,11111,NULL,'02684376379907',NULL,1,'EVP7W76'),(63,11111,NULL,'02684376379907',NULL,1,'EVP7W76'),(64,11111,NULL,'02684376379907',NULL,1,'EVP7W76'),(65,11111,NULL,'02684376379907',NULL,1,'EVP7W76'),(66,11111,NULL,'02684376379907',NULL,1,'EVP7W76'),(67,11111,NULL,'02684376379907',NULL,1,'EVP7W76'),(68,22,NULL,'02684376379907',NULL,4,'FYW9Z69'),(69,22,NULL,'02684376379907',NULL,4,'FYW9Z69'),(70,19765,19800,'16775115155329','02684376379907',25,'IOG3S63');
/*!40000 ALTER TABLE `viagem` ENABLE KEYS */;
UNLOCK TABLES;
/*!40103 SET TIME_ZONE=@OLD_TIME_ZONE */;

/*!40101 SET SQL_MODE=@OLD_SQL_MODE */;
/*!40014 SET FOREIGN_KEY_CHECKS=@OLD_FOREIGN_KEY_CHECKS */;
/*!40014 SET UNIQUE_CHECKS=@OLD_UNIQUE_CHECKS */;
/*!40101 SET CHARACTER_SET_CLIENT=@OLD_CHARACTER_SET_CLIENT */;
/*!40101 SET CHARACTER_SET_RESULTS=@OLD_CHARACTER_SET_RESULTS */;
/*!40101 SET COLLATION_CONNECTION=@OLD_COLLATION_CONNECTION */;
/*!40111 SET SQL_NOTES=@OLD_SQL_NOTES */;

-- Dump completed on 2022-11-08  1:51:29
